symbol,security,gics sector,gics sub-industry,headquarters location,date added,cik,founded,date,sp500_added,sp500_removed
A,Agilent Technologies,Health Care,Life Sciences Tools & Services,"Santa Clara, California",2000-06-05,1090872.0,1999,2025-08-20,2000-06-05,
AAL,,,,,1996-01-02,,,,1996-01-02,2024-09-21
AAMRQ,,,,,1996-01-02,,,,1996-01-02,2003-03-10
AAP,,,,,2015-07-09,,,,2015-07-09,2023-08-28
AAPL,Apple Inc.,Information Technology,"Technology Hardware, Storage & Peripherals","Cupertino, California",1982-11-30,320193.0,1977,2025-08-20,1996-01-02,
ABBV,AbbVie,Health Care,Biotechnology,"North Chicago, Illinois",2012-12-31,1551152.0,2013 (1888),2025-08-20,2013-01-02,
ABC,,,,,2001-08-30,,,,2001-08-30,2023-09-01
ABI,,,,,1996-01-02,,,,1996-01-02,2008-11-20
ABKFQ,,,,,2000-12-11,,,,2000-12-11,2008-06-10
ABMD,,,,,2018-05-31,,,,2018-05-31,2022-12-19
ABNB,Airbnb,Consumer Discretionary,"Hotels, Resorts & Cruise Lines","San Francisco, California",2023-09-18,1559720.0,2008,2025-08-20,2023-09-18,
ABS,,,,,1996-01-02,,,,1996-01-02,2006-05-31
ABT,Abbott Laboratories,Health Care,Health Care Equipment,"North Chicago, Illinois",1957-03-04,1800.0,1888,2025-08-20,1996-01-02,
ABX,,,,,1996-01-02,,,,1996-01-02,2002-07-18
ACAS,,,,,2007-07-09,,,,2007-07-09,2009-03-02
ACGL,Arch Capital Group,Financials,Property & Casualty Insurance,"Hamilton, Bermuda",2022-11-01,947484.0,1995,2025-08-20,2022-11-01,
ACKH,,,,,1996-01-02,,,,1996-01-02,2000-11-08
ACN,Accenture,Information Technology,IT Consulting & Other Services,"Dublin, Ireland",2011-07-06,1467373.0,1989,2025-08-20,2011-07-06,
ACS,,,,,2004-04-02,,,,2004-04-02,2010-02-02
ACV,,,,,1996-01-02,,,,1996-01-02,2006-11-16
ADBE,Adobe Inc.,Information Technology,Application Software,"San Jose, California",1997-05-05,796343.0,1982,2025-08-20,1997-05-06,
ADCT,,,,,1999-08-02,,,,1999-08-02,2007-06-26
ADI,Analog Devices,Information Technology,Semiconductors,"Wilmington, Massachusetts",1999-10-12,6281.0,1965,2025-08-20,1999-10-12,
ADM,Archer Daniels Midland,Consumer Staples,Agricultural Products & Services,"Chicago, Illinois",1957-03-04,7084.0,1902,2025-08-20,1996-01-02,
ADP,Automatic Data Processing,Industrials,Human Resource & Employment Services,"Roseland, New Jersey",1981-03-31,8670.0,1949,2025-08-20,1996-01-02,
ADS,,,,,2013-12-23,,,,2013-12-23,2020-05-22
ADSK,Autodesk,Information Technology,Application Software,"San Francisco, California",1989-12-01,769397.0,1982,2025-08-20,1996-01-02,
AEE,Ameren,Utilities,Multi-Utilities,"St. Louis, Missouri",1991-09-19,1002910.0,1902,2025-08-20,1996-01-02,
AEP,American Electric Power,Utilities,Electric Utilities,"Columbus, Ohio",1957-03-04,4904.0,1906,2025-08-20,1996-01-02,
AES,AES Corporation,Utilities,Independent Power Producers & Energy Traders,"Arlington, Virginia",1998-10-02,874761.0,1981,2025-08-20,1998-10-02,
AET,,,,,1996-01-02,,,,1996-01-02,2018-11-28
AFL,Aflac,Financials,Life & Health Insurance,"Columbus, Georgia",1999-05-28,4977.0,1955,2025-08-20,1999-05-28,
AFS.A,,,,,1998-04-08,,,,1998-04-08,2000-11-29
AGC,,,,,1996-01-02,,,,1996-01-02,2001-08-20
AHM,,,,,1996-01-02,,,,1996-01-02,1998-09-30
AIG,American International Group,Financials,Multi-line Insurance,"New York City, New York",1980-03-31,5272.0,1919,2025-08-20,1996-01-02,
AIT,,,,,1996-01-02,,,,1996-01-02,1999-10-07
AIV,,,,,2003-03-14,,,,2003-03-14,2020-11-17
AIZ,Assurant,Financials,Multi-line Insurance,"Atlanta, Georgia",2007-04-10,1267238.0,1892,2025-08-20,2007-04-10,
AJG,Arthur J. Gallagher & Co.,Financials,Insurance Brokers,"Rolling Meadows, Illinois",2016-05-31,354190.0,1927,2025-08-20,2016-05-31,
AKAM,Akamai Technologies,Information Technology,Internet Services & Infrastructure,"Cambridge, Massachusetts",2007-07-12,1086222.0,1998,2025-08-20,2007-07-12,
AL,,,,,1996-01-02,,,,1996-01-02,2002-07-18
ALB,Albemarle Corporation,Materials,Specialty Chemicals,"Charlotte, North Carolina",2016-07-01,915913.0,1994,2025-08-20,2016-07-01,
ALGN,Align Technology,Health Care,Health Care Supplies,"Tempe, Arizona",2017-06-19,1097149.0,1997,2025-08-20,2017-06-19,
ALK,,,,,2016-05-13,,,,2016-05-13,2023-12-16
ALL,Allstate,Financials,Property & Casualty Insurance,"Northbrook, Illinois",1995-07-13,899051.0,1931,2025-08-20,1996-01-02,
ALLE,Allegion,Industrials,Building Products,"Dublin, Ireland",2013-12-02,1579241.0,1908,2025-08-20,2013-12-02,
ALXN,,,,,2012-05-25,,,,2012-05-25,2021-06-04
AM,,,,,1996-01-02,,,,1996-01-02,2004-04-30
AMAT,Applied Materials,Information Technology,Semiconductor Materials & Equipment,"Santa Clara, California",1995-03-16,6951.0,1967,2025-08-20,1996-01-02,
AMCC,,,,,2001-01-02,,,,2001-01-02,2006-05-10
AMCR,Amcor,Materials,Paper & Plastic Packaging Products & Materials,"Warmley, Bristol, United Kingdom",2019-06-07,1748790.0,2019 (1860),2025-08-20,2019-06-07,
AMD,Advanced Micro Devices,Information Technology,Semiconductors,"Santa Clara, California",2017-03-20,2488.0,1969,2025-08-20,1996-01-02,
AME,Ametek,Industrials,Electrical Components & Equipment,"Berwyn, Pennsylvania",2013-09-23,1037868.0,1930,2025-08-20,2013-09-23,
AMG,,,,,2014-07-01,,,,2014-07-01,2019-12-10
AMGN,Amgen,Health Care,Biotechnology,"Thousand Oaks, California",1992-01-02,318154.0,1980,2025-08-20,1996-01-02,
AMH,,,,,1996-01-02,,,,1996-01-02,1997-09-08
AMP,Ameriprise Financial,Financials,Asset Management & Custody Banks,"Minneapolis, Minnesota",2005-10-03,820027.0,1894,2025-08-20,1996-01-02,
AMT,American Tower,Real Estate,Telecom Tower REITs,"Boston, Massachusetts",2007-11-19,1053507.0,1995,2025-08-20,2007-11-19,
AMTM,,,,,2024-10-01,,,,2024-10-01,2024-12-25
AMZN,Amazon,Consumer Discretionary,Broadline Retail,"Seattle, Washington",2005-11-18,1018724.0,1994,2025-08-20,2005-11-21,
AN,,,,,1996-01-02,,,,1996-01-02,2017-08-07
ANDV,,,,,2007-09-27,,,,2007-09-27,2018-09-24
ANDW,,,,,1996-01-02,,,,1996-01-02,2006-09-28
ANET,Arista Networks,Information Technology,Communications Equipment,"Santa Clara, California",2018-08-28,1596532.0,2004,2025-08-20,2018-08-28,
ANF,,,,,2007-03-29,,,,2007-03-29,2013-12-18
ANSS,,,,,2017-06-19,,,,2017-06-19,2025-07-17
ANTM,,,,,2002-07-25,,,,2002-07-25,2022-06-21
ANV,,,,,1996-01-02,,,,1996-01-02,1999-04-08
AON,Aon plc,Financials,Insurance Brokers,"London, United Kingdom",1996-04-23,315293.0,1982 (1919),2025-08-20,1996-04-23,
AOS,A. O. Smith,Industrials,Building Products,"Milwaukee, Wisconsin",2017-07-26,91142.0,1916,2025-08-20,2017-07-26,
APA,APA Corporation,Energy,Oil & Gas Exploration & Production,"Houston, Texas",1997-07-28,1841666.0,1954,2025-08-20,1997-07-28,
APC,,,,,1997-07-28,,,,1997-07-28,2019-08-08
APCC,,,,,2000-06-01,,,,2000-06-01,2007-02-14
APD,Air Products,Materials,Industrial Gases,"Upper Macungie Township, Pennsylvania",1985-04-30,2969.0,1940,2025-08-20,1996-01-02,
APH,Amphenol,Information Technology,Electronic Components,"Wallingford, Connecticut",2008-09-30,820313.0,1932,2025-08-20,2008-09-30,
APO,Apollo Global Management,Financials,Asset Management & Custody Banks,"New York City, New York",2024-12-23,1858681.0,1990,2025-08-20,2024-12-26,
APOL,,,,,2002-05-15,,,,2002-05-15,2013-06-27
APTV,Aptiv,Consumer Discretionary,Automotive Parts & Equipment,"Dublin, Ireland",2012-12-24,1521332.0,1994,2025-08-20,2012-12-24,
AR,,,,,1996-01-02,,,,1996-01-02,1999-10-26
ARC,,,,,1996-01-02,,,,1996-01-02,2000-04-10
ARE,Alexandria Real Estate Equities,Real Estate,Office REITs,"Pasadena, California",2017-03-20,1035443.0,1994,2025-08-20,2017-03-20,
ARG,,,,,2009-09-09,,,,2009-09-09,2016-05-20
AS,,,,,1996-01-02,,,,1996-01-02,1998-11-23
ASC,,,,,1996-01-02,,,,1996-01-02,1999-06-23
ASH,,,,,1996-01-02,,,,1996-01-02,2008-11-13
ASN,,,,,2004-12-20,,,,2004-12-20,2007-10-04
ASND,,,,,1998-06-12,,,,1998-06-12,1999-06-24
ASO,,,,,1999-03-10,,,,1999-03-10,2006-10-31
AT,,,,,1996-01-02,,,,1996-01-02,2007-11-16
ATGE,,,,,2009-06-09,,,,2009-06-09,2012-09-25
ATI,,,,,1996-01-02,,,,1996-01-02,2015-07-01
ATO,Atmos Energy,Utilities,Gas Utilities,"Dallas, Texas",2019-02-15,731802.0,1906,2025-08-20,2019-02-15,
ATVI,,,,,2015-08-31,,,,2015-08-31,2023-10-12
AV,,,,,2000-10-02,,,,2000-10-02,2007-10-25
AVB,AvalonBay Communities,Real Estate,Multi-Family Residential REITs,"Arlington, Virginia",2007-01-10,915912.0,1978,2025-08-20,2007-01-10,
AVGO,Broadcom,Information Technology,Semiconductors,"Palo Alto, California",2014-05-08,1730168.0,1961,2025-08-20,2014-05-08,
AVP,,,,,1996-01-02,,,,1996-01-02,2015-03-19
AVY,Avery Dennison,Materials,Paper & Plastic Packaging Products & Materials,"Mentor, Ohio",1987-12-31,8818.0,1935,2025-08-20,1996-01-02,
AW,,,,,1999-08-02,,,,1999-08-02,2008-12-04
AWE,,,,,2001-07-09,,,,2001-07-09,2004-10-26
AWK,American Water Works,Utilities,Water Utilities,"Camden, New Jersey",2016-03-04,1410636.0,1886,2025-08-20,2016-03-04,
AXON,Axon Enterprise,Industrials,Aerospace & Defense,"Scottsdale, Arizona",2023-05-04,1069183.0,1993,2025-08-20,2023-05-07,
AXP,American Express,Financials,Consumer Finance,"New York City, New York",1976-06-30,4962.0,1850,2025-08-20,1996-01-02,
AYE,,,,,2000-12-11,,,,2000-12-11,2011-02-23
AYI,,,,,2016-05-03,,,,2016-05-03,2018-06-15
AZA.A,,,,,1996-01-02,,,,1996-01-02,2001-06-20
AZO,AutoZone,Consumer Discretionary,Automotive Retail,"Memphis, Tennessee",1997-01-02,866787.0,1979,2025-08-20,1997-01-02,
BA,Boeing,Industrials,Aerospace & Defense,"Arlington, Virginia",1957-03-04,12927.0,1916,2025-08-20,1996-01-02,
BAC,Bank of America,Financials,Diversified Banks,"Charlotte, North Carolina",1976-06-30,70858.0,1998 (1923 / 1874),2025-08-20,1996-01-02,
BALL,Ball Corporation,Materials,"Metal, Glass & Plastic Containers","Broomfield, Colorado",1984-10-31,9389.0,1880,2025-08-20,2022-05-10,
BAX,Baxter International,Health Care,Health Care Equipment,"Deerfield, Illinois",1972-09-30,10456.0,1931,2025-08-20,1996-01-02,
BAY,,,,,1996-02-12,,,,1996-02-12,1998-08-28
BBBY,,,,,1999-10-01,,,,1999-10-01,2017-07-25
BBI,,,,,1996-01-02,,,,1996-01-02,1998-01-05
BBT,,,,,1997-12-04,,,,1997-12-04,2019-12-05
BBWI,,,,,2021-08-03,,,,2021-08-03,2024-09-30
BBY,Best Buy,Consumer Discretionary,Computer & Electronics Retail,"Richfield, Minnesota",1999-06-29,764478.0,1966,2025-08-20,1999-06-30,
BC,,,,,1996-01-02,,,,1996-01-02,2008-06-18
BCO,,,,,1996-01-02,,,,1996-01-02,1996-01-12
BCR,,,,,1996-01-02,,,,1996-01-02,2017-12-27
BDK,,,,,1996-01-02,,,,1996-01-02,2010-03-11
BDX,Becton Dickinson,Health Care,Health Care Equipment,"Franklin Lakes, New Jersey",1972-09-30,10795.0,1897,2025-08-20,1996-01-02,
BEN,Franklin Resources,Financials,Asset Management & Custody Banks,"San Mateo, California",1998-04-30,38777.0,1947,2025-08-20,1998-04-29,
BEV,,,,,1996-01-02,,,,1996-01-02,1997-12-02
BF-B,Brown–Forman,Consumer Staples,Distillers & Vintners,"Louisville, Kentucky",1982-10-31,14693.0,1870,2025-08-20,1996-01-02,
BF.B,,,,,2023-05-09,,,,2023-05-09,2023-05-14
BFI,,,,,1996-01-02,,,,1996-01-02,1999-07-30
BFO,,,,,1996-01-02,,,,1996-01-02,2000-10-02
BG,Bunge Global,Consumer Staples,Agricultural Products & Services,"Chesterfield, Missouri",2023-03-15,1996862.0,1818,2025-08-20,2023-03-15,
BGEN,,,,,2000-01-31,,,,2000-01-31,2003-11-12
BGG,,,,,1996-01-02,,,,1996-01-02,2001-04-02
BHF,,,,,2017-08-07,,,,2017-08-07,2019-02-27
BHMSQ,,,,,1996-01-02,,,,1996-01-02,2000-12-08
BIG,,,,,1998-01-20,,,,1998-01-20,2013-02-06
BIIB,Biogen,Health Care,Biotechnology,"Cambridge, Massachusetts",2003-11-13,875045.0,1978,2025-08-20,2003-11-13,
BIO,,,,,2020-06-22,,,,2020-06-22,2024-09-21
BJS,,,,,2002-05-15,,,,2002-05-15,2010-04-21
BK,BNY Mellon,Financials,Asset Management & Custody Banks,"New York City, New York",1995-03-31,1390777.0,1784,2025-08-20,1996-01-02,
BKB,,,,,1996-01-02,,,,1996-01-02,1999-09-30
BKNG,Booking Holdings,Consumer Discretionary,"Hotels, Resorts & Cruise Lines","Norwalk, Connecticut",2009-11-06,1075531.0,1996,2025-08-20,2009-11-06,
BKR,Baker Hughes,Energy,Oil & Gas Equipment & Services,"Houston, Texas",2017-07-07,1701605.0,2017,2025-08-20,2019-10-18,
BLDR,Builders FirstSource,Industrials,Building Products,"Irving, Texas",2023-12-18,1316835.0,1998,2025-08-20,2023-12-17,
BLK,BlackRock,Financials,Asset Management & Custody Banks,"New York City, New York",2011-04-04,2012383.0,1988,2025-08-20,2011-04-04,
BLL,,,,,1996-01-02,,,,1996-01-02,2022-04-11
BLS,,,,,1996-01-02,,,,1996-01-02,2006-12-29
BLY,,,,,1996-01-02,,,,1996-01-02,1996-12-18
BMET,,,,,1996-01-02,,,,1996-01-02,2007-07-10
BMGCA,,,,,1996-07-22,,,,1996-07-22,1999-08-06
BMS,,,,,1996-01-02,,,,1996-01-02,2014-12-04
BMY,Bristol Myers Squibb,Health Care,Pharmaceuticals,"New York City, New York",1957-03-04,14272.0,1989 (1887),2025-08-20,1996-01-02,
BNI,,,,,1996-01-02,,,,1996-01-02,2010-02-10
BNL,,,,,1996-01-02,,,,1996-01-02,1998-06-30
BOAT,,,,,1996-01-02,,,,1996-01-02,1997-01-03
BOL,,,,,1996-01-02,,,,1996-01-02,2007-10-26
BR,Broadridge Financial Solutions,Industrials,Data Processing & Outsourced Services,"Lake Success, New York",2018-06-18,1383312.0,1962,2025-08-20,1996-01-02,
BRCM,,,,,2000-07-03,,,,2000-07-03,2016-01-26
BRK-B,,,,,2010-02-16,,,,2010-02-16,2023-09-25
BRK.B,Berkshire Hathaway,Financials,Multi-Sector Holdings,"Omaha, Nebraska",2010-02-16,1067983.0,1839,2025-08-20,2023-05-09,
BRL,,,,,2006-02-27,,,,2006-02-27,2008-12-22
BRO,Brown & Brown,Financials,Insurance Brokers,"Daytona Beach, Florida",2021-09-20,79282.0,1939,2025-08-20,2021-09-20,
BSC,,,,,1998-07-01,,,,1998-07-01,2008-05-29
BSX,Boston Scientific,Health Care,Health Care Equipment,"Marlborough, Massachusetts",1995-02-24,885725.0,1979,2025-08-20,1996-01-02,
BT,,,,,1996-01-02,,,,1996-01-02,1999-06-03
BTUUQ,,,,,2006-11-20,,,,2006-11-20,2014-09-19
BUD,,,,,1996-01-02,,,,1996-01-02,2008-11-17
BVSN,,,,,2000-11-06,,,,2000-11-06,2001-08-31
BWA,,,,,2011-12-19,,,,2011-12-19,2025-03-24
BX,Blackstone Inc.,Financials,Asset Management & Custody Banks,"New York City, New York",2023-09-18,1393818.0,1985,2025-08-20,2023-09-18,
BXLT,,,,,2015-07-01,,,,2015-07-01,2016-06-01
BXP,"BXP, Inc.",Real Estate,Office REITs,"Boston, Massachusetts",2006-04-03,1037540.0,1970,2025-08-20,2006-04-03,
C,Citigroup,Financials,Diversified Banks,"New York City, New York",1988-05-31,831001.0,1998,2025-08-20,1996-01-02,
CA,,,,,1996-01-02,,,,1996-01-02,2018-10-31
CAG,Conagra Brands,Consumer Staples,Packaged Foods & Meats,"Chicago, Illinois",1983-08-31,23217.0,1919,2025-08-20,1996-01-02,
CAH,Cardinal Health,Health Care,Health Care Distributors,"Dublin, Ohio",1997-05-27,721371.0,1971,2025-08-20,1997-05-27,
CAL,,,,,1996-01-02,,,,1996-01-02,1996-07-19
CAM,,,,,2008-01-29,,,,2008-01-29,2016-03-31
CAR,,,,,1996-01-02,,,,1996-01-02,2006-07-31
CARR,Carrier Global,Industrials,Building Products,"Palm Beach Gardens, Florida",2020-04-03,1783180.0,"2020 (1915, United Technologies spinoff)",2025-08-20,2020-04-03,
CAT,Caterpillar Inc.,Industrials,Construction Machinery & Heavy Transportation Equipment,"Irving, Texas",1957-03-04,18230.0,1925,2025-08-20,1996-01-02,
CB,Chubb Limited,Financials,Property & Casualty Insurance,"Zurich, Switzerland",2010-07-15,896159.0,1985,2025-08-20,1996-01-02,
CBB,,,,,1996-01-02,,,,1996-01-02,1998-01-26
CBE,,,,,1996-01-02,,,,1996-01-02,2012-11-27
CBH,,,,,2006-06-06,,,,2006-06-06,2008-03-18
CBOE,Cboe Global Markets,Financials,Financial Exchanges & Data,"Chicago, Illinois",2017-03-01,1374310.0,1973,2025-08-20,2017-03-01,
CBRE,CBRE Group,Real Estate,Real Estate Services,"Dallas, Texas",2006-11-10,1138118.0,1906,2025-08-20,2006-11-10,
CBS,,,,,1996-01-02,,,,1996-01-02,2019-11-21
CBSS,,,,,2004-12-20,,,,2004-12-20,2007-09-04
CCB,,,,,1996-01-02,,,,1996-01-02,1996-02-01
CCI,Crown Castle,Real Estate,Telecom Tower REITs,"Houston, Texas",2012-03-14,1051470.0,1994,2025-08-20,1996-01-02,
CCK,,,,,1996-01-02,,,,1996-01-02,2000-12-08
CCL,Carnival,Consumer Discretionary,"Hotels, Resorts & Cruise Lines","Miami, Florida",1998-12-22,815097.0,1972,2025-08-20,1998-12-22,
CCTYQ,,,,,1996-01-02,,,,1996-01-02,2008-03-18
CCU,,,,,1997-09-02,,,,1997-09-02,2008-07-29
CDAY,,,,,2021-09-20,,,,2021-09-20,2024-02-01
CDNS,Cadence Design Systems,Information Technology,Application Software,"San Jose, California",2017-09-18,813672.0,1988,2025-08-20,2017-09-18,
CDW,CDW Corporation,Information Technology,Technology Distributors,"Vernon Hills, Illinois",2019-09-23,1402057.0,1984,2025-08-20,2019-09-23,
CE,,,,,2001-04-02,,,,2001-04-02,2025-03-24
CEG,Constellation Energy,Utilities,Electric Utilities,"Baltimore, Maryland",2022-02-02,1868275.0,1999,2025-08-20,2023-05-17,
CELG,,,,,2006-11-06,,,,2006-11-06,2019-11-05
CEN,,,,,1996-01-02,,,,1996-01-02,2001-03-30
CEPH,,,,,2008-11-17,,,,2008-11-17,2011-10-11
CERN,,,,,2010-04-30,,,,2010-04-30,2022-05-10
CF,CF Industries,Materials,Fertilizers & Agricultural Chemicals,"Deerfield, Illinois",2008-08-27,1324404.0,1946,2025-08-20,2000-06-19,
CFC,,,,,1997-06-18,,,,1997-06-18,2008-06-30
CFG,Citizens Financial Group,Financials,Regional Banks,"Providence, Rhode Island",2016-01-29,759944.0,1828,2025-08-20,2016-02-01,
CFL,,,,,1996-01-02,,,,1996-01-02,1998-04-27
CFN,,,,,2009-09-01,,,,2009-09-01,2015-03-13
CG,,,,,1996-01-02,,,,1996-01-02,2000-10-30
CGP,,,,,1996-01-02,,,,1996-01-02,2001-01-29
CHA,,,,,1996-01-02,,,,1996-01-02,2000-06-16
CHD,Church & Dwight,Consumer Staples,Household Products,"Ewing, New Jersey",2015-12-29,313927.0,1847,2025-08-20,2015-12-29,
CHIR,,,,,2000-11-24,,,,2000-11-24,2006-04-19
CHRS,,,,,1996-01-02,,,,1996-01-02,1998-04-07
CHRW,C.H. Robinson,Industrials,Air Freight & Logistics,"Eden Prairie, Minnesota",2007-03-02,1043277.0,1905,2025-08-20,2007-03-02,
CHTR,Charter Communications,Communication Services,Cable & Satellite,"Stamford, Connecticut",2016-09-08,1091667.0,1993,2025-08-20,2016-09-08,
CI,Cigna,Health Care,Health Care Services,"Bloomfield, Connecticut",1976-06-30,1739940.0,1982,2025-08-20,1996-01-02,
CIEN,,,,,2001-08-30,,,,2001-08-30,2009-12-17
CIN,,,,,1996-01-02,,,,1996-01-02,2006-03-30
CINF,Cincinnati Financial,Financials,Property & Casualty Insurance,"Fairfield, Ohio",1997-12-18,20286.0,1950,2025-08-20,1997-12-18,
CIT.A,,,,,2000-07-17,,,,2000-07-17,2001-05-31
CITGQ,,,,,2004-10-27,,,,2004-10-27,2009-07-17
CL,Colgate-Palmolive,Consumer Staples,Household Products,"New York City, New York",1957-03-04,21665.0,1806,2025-08-20,1996-01-02,
CLF,,,,,2009-12-21,,,,2009-12-21,2014-04-01
CLX,Clorox,Consumer Staples,Household Products,"Oakland, California",1969-03-31,21076.0,1913,2025-08-20,1996-01-02,
CMA,,,,,1996-01-02,,,,1996-01-02,2024-06-22
CMB,,,,,1996-01-02,,,,1996-01-02,1996-03-29
CMCSA,Comcast,Communication Services,Cable & Satellite,"Philadelphia, Pennsylvania",2002-11-19,1166691.0,1963,2025-08-20,1996-01-02,
CMCSK,,,,,2015-09-21,,,,2015-09-21,2015-12-09
CME,CME Group,Financials,Financial Exchanges & Data,"Chicago, Illinois",2006-08-11,1156375.0,1848,2025-08-20,2006-08-11,
CMG,Chipotle Mexican Grill,Consumer Discretionary,Restaurants,"Newport Beach, California",2011-04-28,1058090.0,1993,2025-08-20,2011-04-28,
CMI,Cummins,Industrials,Construction Machinery & Heavy Transportation Equipment,"Columbus, Indiana",1965-03-31,26172.0,1919,2025-08-20,1996-01-02,
CMS,CMS Energy,Utilities,Multi-Utilities,"Jackson, Michigan",1957-03-04,811156.0,1886,2025-08-20,1999-05-03,
CMVT,,,,,1999-10-27,,,,1999-10-27,2007-01-24
CMX,,,,,2004-03-25,,,,2004-03-25,2007-03-22
CNC,Centene Corporation,Health Care,Managed Health Care,"St. Louis, Missouri",2016-03-30,1071739.0,1984,2025-08-20,1997-01-15,
CNG,,,,,1996-01-02,,,,1996-01-02,2000-01-28
CNP,CenterPoint Energy,Utilities,Multi-Utilities,"Houston, Texas",1985-07-31,1130310.0,1882,2025-08-20,1996-01-02,
CNW,,,,,1996-01-02,,,,1996-01-02,1996-11-27
CNX,,,,,2006-06-28,,,,2006-06-28,2016-03-03
CNXT,,,,,2000-01-31,,,,2000-01-31,2002-06-19
COC.B,,,,,1999-08-09,,,,1999-08-09,2002-08-29
COF,Capital One,Financials,Consumer Finance,"Tysons Corner, Virginia",1998-07-01,927628.0,1994,2025-08-20,1998-07-01,
COG,,,,,2008-06-23,,,,2008-06-23,2021-09-20
COIN,Coinbase,Financials,Financial Exchanges & Data,"New York City, New York",2025-05-19,1679788.0,2012,2025-08-20,2025-05-17,
COL,,,,,2001-07-02,,,,2001-07-02,2018-11-15
COMS,,,,,1996-01-02,,,,1996-01-02,2000-07-27
COO,Cooper Companies (The),Health Care,Health Care Supplies,"San Ramon, California",2016-09-23,711404.0,1958,2025-08-20,2016-09-23,
COP,ConocoPhillips,Energy,Oil & Gas Exploration & Production,"Houston, Texas",1957-03-04,1163165.0,2002,2025-08-20,1996-01-02,
COR,Cencora,Health Care,Health Care Distributors,"Conshohocken, Pennsylvania",2001-08-30,1140859.0,1985,2025-08-20,2023-09-03,
COST,Costco,Consumer Staples,Consumer Staples Merchandise Retail,"Issaquah, Washington",1993-10-01,909832.0,1976,2025-08-20,1996-01-02,
COTY,,,,,2016-10-03,,,,2016-10-03,2020-09-18
COV,,,,,1996-01-02,,,,1996-01-02,2015-01-15
CPAY,Corpay,Financials,Transaction & Payment Processing Services,"Atlanta, Georgia",2018-06-20,1175454.0,2000,2025-08-20,2024-03-27,
CPB,Campbell's Company (The),Consumer Staples,Packaged Foods & Meats,"Camden, New Jersey",1957-03-04,16732.0,1869,2025-08-20,1996-01-02,
CPGX,,,,,2015-07-02,,,,2015-07-02,2016-06-27
CPNLQ,,,,,2000-12-01,,,,2000-12-01,2005-11-28
CPQ,,,,,1996-01-02,,,,1996-01-02,2002-05-01
CPRI,,,,,2016-01-04,,,,2016-01-04,2020-04-06
CPRT,Copart,Industrials,Diversified Support Services,"Dallas, Texas",2018-07-02,900075.0,1982,2025-08-20,2018-07-02,
CPT,Camden Property Trust,Real Estate,Multi-Family Residential REITs,"Houston, Texas",2022-04-04,906345.0,1981,2025-08-20,2022-04-04,
CR,,,,,1996-01-02,,,,1996-01-02,2004-12-16
CRL,Charles River Laboratories,Health Care,Life Sciences Tools & Services,"Wilmington, Massachusetts",2021-05-14,1100682.0,1947,2025-08-20,2021-05-14,
CRM,Salesforce,Information Technology,Application Software,"San Francisco, California",2008-09-15,1108524.0,1999,2025-08-20,2008-09-15,
CRR,,,,,1996-01-02,,,,1996-01-02,1997-05-19
CRWD,CrowdStrike,Information Technology,Systems Software,"Austin, Texas",2024-06-24,1535527.0,2011,2025-08-20,2024-06-23,
CSCO,Cisco,Information Technology,Communications Equipment,"San Jose, California",1993-12-01,858877.0,1984,2025-08-20,1996-01-02,
CSE,,,,,1996-01-22,,,,1996-01-22,1999-11-12
CSGP,CoStar Group,Real Estate,Real Estate Services,"Washington, D.C.",2022-09-19,1057352.0,1987,2025-08-20,2022-09-19,
CSR,,,,,1996-01-02,,,,1996-01-02,2000-06-15
CSRA,,,,,2015-11-30,,,,2015-11-30,2018-04-02
CSX,CSX Corporation,Industrials,Rail Transportation,"Jacksonville, Florida",1957-03-04,277948.0,1980,2025-08-20,1996-01-02,
CTAS,Cintas,Industrials,Diversified Support Services,"Mason, Ohio",2001-03-01,723254.0,1929,2025-08-20,2001-03-01,
CTB,,,,,1996-01-02,,,,1996-01-02,2006-07-11
CTL,,,,,1999-03-25,,,,1999-03-25,2020-06-22
CTLT,,,,,2020-09-21,,,,2020-09-21,2024-12-18
CTRA,Coterra,Energy,Oil & Gas Exploration & Production,"Houston, Texas",2008-06-23,858470.0,2021 (1989),2025-08-20,2021-10-04,
CTSH,Cognizant,Information Technology,IT Consulting & Other Services,"Teaneck, New Jersey",2006-11-17,1058290.0,1994,2025-08-20,2006-11-17,
CTVA,Corteva,Materials,Fertilizers & Agricultural Chemicals,"Indianapolis, Indiana",2019-06-03,1755672.0,2019,2025-08-20,2019-06-03,
CTX,,,,,1996-01-02,,,,1996-01-02,2009-08-18
CTXS,,,,,1999-12-01,,,,1999-12-01,2022-09-19
CVC,,,,,2010-12-20,,,,2010-12-20,2016-06-20
CVG,,,,,2000-06-13,,,,2000-06-13,2009-12-17
CVS,CVS Health,Health Care,Health Care Services,"Woonsocket, Rhode Island",1957-03-04,64803.0,1996,2025-08-20,1996-01-02,
CVX,Chevron Corporation,Energy,Integrated Oil & Gas,"San Ramon, California",1957-03-04,93410.0,1879,2025-08-20,1996-01-02,
CXO,,,,,2016-02-22,,,,2016-02-22,2021-01-07
CYM,,,,,1996-01-02,,,,1996-01-02,1999-10-14
CYR,,,,,1996-01-02,,,,1996-01-02,1996-03-25
CZR,Caesars Entertainment,Consumer Discretionary,Casinos & Gaming,"Reno, Nevada",2021-03-22,1590895.0,1973,2025-08-20,2021-03-22,
D,Dominion Energy,Utilities,Multi-Utilities,"Richmond, Virginia",2016-11-30,715957.0,1983,2025-08-20,1996-01-02,
DAL,Delta Air Lines,Industrials,Passenger Airlines,"Atlanta, Georgia",2013-09-11,27904.0,1929,2025-08-20,2013-09-11,
DALRQ,,,,,1996-01-02,,,,1996-01-02,2005-08-18
DASH,DoorDash,Consumer Discretionary,Specialized Consumer Services,"San Francisco, California",2025-03-24,1792789.0,2012,2025-08-20,2025-03-25,
DAY,Dayforce,Industrials,Human Resource & Employment Services,"Minneapolis, Minnesota",2021-09-20,1725057.0,1992,2025-08-20,2024-02-02,
DCNAQ,,,,,1996-01-02,,,,1996-01-02,2006-03-02
DD,DuPont,Materials,Specialty Chemicals,"Wilmington, Delaware",2019-06-03,1666700.0,2017 (1802),2025-08-20,1996-01-02,
DDOG,Datadog,Information Technology,Application Software,"New York City, New York",2025-07-09,1561550.0,2010,2025-08-20,2025-07-11,
DDR,,,,,2007-03-23,,,,2007-03-23,2009-03-27
DDS,,,,,1996-01-02,,,,1996-01-02,2008-10-16
DE,Deere & Company,Industrials,Agricultural & Farm Machinery,"Moline, Illinois",1957-03-04,315189.0,1837,2025-08-20,1996-01-02,
DEC,,,,,1996-01-02,,,,1996-01-02,1998-06-08
DECK,Deckers Brands,Consumer Discretionary,Footwear,"Goleta, California",2024-03-18,910521.0,1973,2025-08-20,2024-03-18,
DELL,Dell Technologies,Information Technology,"Technology Hardware, Storage & Peripherals","Round Rock, Texas",2024-09-23,1571996.0,2016,2025-08-20,2024-09-22,
DF,,,,,2006-04-03,,,,2006-04-03,2013-05-17
DFS,,,,,2007-07-02,,,,2007-07-02,2025-05-16
DG,Dollar General,Consumer Staples,Consumer Staples Merchandise Retail,"Goodlettsville, Tennessee",2012-12-03,29534.0,1939,2025-08-20,1998-07-16,
DGN,,,,,1996-01-02,,,,1996-01-02,1999-10-12
DGX,Quest Diagnostics,Health Care,Health Care Services,"Secaucus, New Jersey",2002-12-12,1022079.0,1967,2025-08-20,2002-12-12,
DHI,D. R. Horton,Consumer Discretionary,Homebuilding,"Arlington, Texas",2005-06-22,882184.0,1978,2025-08-20,2005-07-05,
DHR,Danaher Corporation,Health Care,Life Sciences Tools & Services,"Washington, D.C.",1998-11-18,313616.0,1969,2025-08-20,1998-11-18,
DI,,,,,1996-01-02,,,,1996-01-02,1998-09-29
DIGI,,,,,1996-01-02,,,,1996-01-02,1998-08-26
DIS,Walt Disney Company (The),Communication Services,Movies & Entertainment,"Burbank, California",1976-06-30,1744489.0,1923,2025-08-20,1996-01-02,
DISCA,,,,,2010-03-01,,,,2010-03-01,2022-04-04
DISCK,,,,,2014-08-07,,,,2014-08-07,2022-04-04
DISH,,,,,2017-03-13,,,,2017-03-13,2023-06-19
DJ,,,,,1996-01-02,,,,1996-01-02,2007-12-12
DLR,Digital Realty,Real Estate,Data Center REITs,"Austin, Texas",2016-05-18,1297996.0,2004,2025-08-20,2016-05-18,
DLTR,Dollar Tree,Consumer Staples,Consumer Staples Merchandise Retail,"Chesapeake, Virginia",2011-12-19,935703.0,1986,2025-08-20,2011-12-19,
DLX,,,,,1996-01-02,,,,1996-01-02,2004-12-16
DNR,,,,,2009-04-02,,,,2009-04-02,2015-03-19
DOC,Healthpeak Properties,Real Estate,Health Care REITs,"Denver, Colorado",2008-03-31,765880.0,1985,2025-08-20,2024-03-04,
DOV,Dover Corporation,Industrials,Industrial Machinery & Supplies & Components,"Downers Grove, Illinois",1985-10-31,29905.0,1955,2025-08-20,1996-01-02,
DOW,Dow Inc.,Materials,Commodity Chemicals,"Midland, Michigan",2019-04-01,1751788.0,2019 (1897),2025-08-20,2023-05-17,
DPHIQ,,,,,1999-05-28,,,,1999-05-28,2005-10-10
DPZ,Domino's,Consumer Discretionary,Restaurants,"Ann Arbor, Michigan",2020-05-12,1286681.0,1960,2025-08-20,2020-05-12,
DRE,,,,,2017-07-26,,,,2017-07-26,2022-09-19
DRI,Darden Restaurants,Consumer Discretionary,Restaurants,"Orlando, Florida",1995-05-31,940944.0,1938,2025-08-20,1996-01-02,
DTE,DTE Energy,Utilities,Multi-Utilities,"Detroit, Michigan",1957-03-04,936340.0,1995,2025-08-20,1996-01-02,
DUK,Duke Energy,Utilities,Electric Utilities,"Charlotte, North Carolina",1976-06-30,1326160.0,1904,2025-08-20,1996-01-02,
DVA,DaVita,Health Care,Health Care Services,"Denver, Colorado",2008-07-31,927066.0,1979,2025-08-20,2008-07-31,
DVN,Devon Energy,Energy,Oil & Gas Exploration & Production,"Oklahoma City, Oklahoma",2000-08-30,1090012.0,1971,2025-08-20,2000-08-30,
DWD,,,,,1996-01-02,,,,1996-01-02,1997-05-30
DWDP,,,,,2017-09-01,,,,2017-09-01,2019-06-01
DXC,,,,,1996-01-02,,,,1996-01-02,2023-10-05
DXCM,Dexcom,Health Care,Health Care Equipment,"San Diego, California",2020-05-12,1093557.0,1999,2025-08-20,2020-05-12,
DYN,,,,,2000-10-03,,,,2000-10-03,2009-12-17
EA,Electronic Arts,Communication Services,Interactive Home Entertainment,"Redwood City, California",2002-07-22,712515.0,1982,2025-08-20,2002-07-22,
EBAY,eBay Inc.,Consumer Discretionary,Broadline Retail,"San Jose, California",2002-07-22,1065088.0,1995,2025-08-20,2002-07-22,
EC,,,,,1996-01-02,,,,1996-01-02,2006-06-05
ECH,,,,,1996-01-02,,,,1996-01-02,1998-07-09
ECL,Ecolab,Materials,Specialty Chemicals,"Saint Paul, Minnesota",1989-01-31,31462.0,1923,2025-08-20,1996-01-02,
ECO,,,,,1996-01-02,,,,1996-01-02,1998-01-15
ED,Consolidated Edison,Utilities,Multi-Utilities,"New York City, New York",1957-03-04,1047862.0,1823,2025-08-20,1996-01-02,
EDS,,,,,1998-08-11,,,,1998-08-11,2008-08-25
EFU,,,,,1996-01-02,,,,1996-01-02,2000-10-30
EFX,Equifax,Industrials,Research & Consulting Services,"Atlanta, Georgia",1997-06-19,33185.0,1899,2025-08-20,1997-06-19,
EG,Everest Group,Financials,Reinsurance,"Hamilton, Bermuda",2017-06-19,1095073.0,1973,2025-08-20,2023-07-11,
EHC,,,,,1997-01-08,,,,1997-01-08,2003-03-20
EIX,Edison International,Utilities,Electric Utilities,"Rosemead, California",1957-03-04,827052.0,1886,2025-08-20,1996-01-02,
EKDKQ,,,,,1996-01-02,,,,1996-01-02,2010-12-17
EL,Estée Lauder Companies (The),Consumer Staples,Personal Care Products,"New York City, New York",2006-01-05,1001250.0,1946,2025-08-20,2006-01-05,
ELV,Elevance Health,Health Care,Managed Health Care,"Indianapolis, Indiana",2002-07-25,1156039.0,2014 (1946),2025-08-20,2022-06-28,
EMN,Eastman Chemical Company,Materials,Specialty Chemicals,"Kingsport, Tennessee",1994-01-01,915389.0,1920,2025-08-20,1996-01-02,
EMR,Emerson Electric,Industrials,Electrical Components & Equipment,"Ferguson, Missouri",1965-03-31,32604.0,1890,2025-08-20,1996-01-02,
ENDP,,,,,2015-01-27,,,,2015-01-27,2017-03-01
ENPH,Enphase Energy,Information Technology,Semiconductor Materials & Equipment,"Fremont, California",2021-01-07,1463101.0,2006,2025-08-20,2021-01-07,
ENRNQ,,,,,1996-01-02,,,,1996-01-02,2001-11-26
ENS,,,,,1996-01-02,,,,1996-01-02,1997-08-05
EOG,EOG Resources,Energy,Oil & Gas Exploration & Production,"Houston, Texas",2000-11-02,821189.0,1999,2025-08-20,2000-11-02,
EOP,,,,,2001-10-10,,,,2001-10-10,2007-02-09
EP,,,,,1999-10-26,,,,1999-10-26,2012-05-23
EPAM,EPAM Systems,Information Technology,IT Consulting & Other Services,"Newtown, Pennsylvania",2021-12-14,1352010.0,1993,2025-08-20,2021-12-14,
EQ,,,,,2006-05-18,,,,2006-05-18,2009-06-30
EQIX,Equinix,Real Estate,Data Center REITs,"Redwood City, California",2015-03-20,1101239.0,1998,2025-08-20,2015-03-23,
EQR,Equity Residential,Real Estate,Multi-Family Residential REITs,"Chicago, Illinois",2001-12-03,906107.0,1969,2025-08-20,2001-12-03,
EQT,EQT Corporation,Energy,Oil & Gas Exploration & Production,"Pittsburgh, Pennsylvania",2022-10-03,33213.0,1888,2025-08-20,2008-12-19,
ERIE,Erie Indemnity,Financials,Insurance Brokers,"Erie, Pennsylvania",2024-09-23,922621.0,1925,2025-08-20,2024-09-22,
ES,Eversource Energy,Utilities,Electric Utilities,"Hartford, Connecticut",2009-07-24,72741.0,1966,2025-08-20,2009-03-17,
ESRX,,,,,2003-09-26,,,,2003-09-26,2018-12-19
ESS,Essex Property Trust,Real Estate,Multi-Family Residential REITs,"San Mateo, California",2014-04-02,920522.0,1971,2025-08-20,2014-04-02,
ESV,,,,,2007-01-04,,,,2007-01-04,2016-03-29
ETFC,,,,,2004-04-01,,,,2004-04-01,2020-09-21
ETN,Eaton Corporation,Industrials,Electrical Components & Equipment,"Dublin, Ireland",1957-03-04,1551182.0,1911,2025-08-20,1996-01-02,
ETR,Entergy,Utilities,Electric Utilities,"New Orleans, Louisiana",1957-03-04,65984.0,1913,2025-08-20,1996-01-02,
ETS,,,,,1996-01-02,,,,1996-01-02,2001-08-03
ETSY,,,,,2020-09-21,,,,2020-09-21,2024-09-21
EVHC,,,,,2016-12-02,,,,2016-12-02,2018-10-10
EVRG,Evergy,Utilities,Electric Utilities,"Kansas City, Missouri",2018-06-05,1711269.0,1909,2025-08-20,2018-06-05,
EW,Edwards Lifesciences,Health Care,Health Care Equipment,"Irvine, California",2011-04-01,1099800.0,1958,2025-08-20,2011-04-01,
EXC,Exelon,Utilities,Electric Utilities,"Chicago, Illinois",1957-03-04,1109357.0,2000,2025-08-20,1996-01-02,
EXE,Expand Energy,Energy,Oil & Gas Exploration & Production,"Oklahoma City, Oklahoma",2025-03-24,895126.0,1989,2025-08-20,2025-03-25,
EXPD,Expeditors International,Industrials,Air Freight & Logistics,"Seattle, Washington",2007-10-10,746515.0,1979,2025-08-20,2007-10-10,
EXPE,Expedia Group,Consumer Discretionary,"Hotels, Resorts & Cruise Lines","Seattle, Washington",2007-10-02,1324424.0,1996,2025-08-20,2007-10-02,
EXR,Extra Space Storage,Real Estate,Self-Storage REITs,"Salt Lake City, Utah",2016-01-19,1289490.0,1977,2025-08-20,2016-01-19,
F,Ford Motor Company,Consumer Discretionary,Automobile Manufacturers,"Dearborn, Michigan",1957-03-04,37996.0,1903,2025-08-20,1996-01-02,
FANG,Diamondback Energy,Energy,Oil & Gas Exploration & Production,"Midland, Texas",2018-12-03,1539838.0,2007,2025-08-20,2018-12-03,
FAST,Fastenal,Industrials,Trading Companies & Distributors,"Winona, Minnesota",2008-09-15,815556.0,1967,2025-08-20,2008-09-15,
FB,,,,,2013-12-23,,,,2013-12-23,2022-06-08
FBF,,,,,1996-01-02,,,,1996-01-02,2004-03-29
FBHS,,,,,2016-06-24,,,,2016-06-24,2022-11-08
FBO,,,,,1996-01-02,,,,1996-01-02,1996-03-12
FCN,,,,,1996-01-02,,,,1996-01-02,1998-10-01
FCPT,,,,,2015-11-10,,,,2015-11-10,2015-11-10
FCX,Freeport-McMoRan,Materials,Copper,"Phoenix, Arizona",2011-07-01,831259.0,1912,2025-08-20,1996-01-02,
FDC,,,,,1996-01-02,,,,1996-01-02,2007-09-24
FDO,,,,,2001-08-06,,,,2001-08-06,2015-07-06
FDS,FactSet,Financials,Financial Exchanges & Data,"Norwalk, Connecticut",2021-12-20,1013237.0,1978,2025-08-20,2021-12-20,
FDX,FedEx,Industrials,Air Freight & Logistics,"Memphis, Tennessee",1980-12-31,1048911.0,1971,2025-08-20,1996-01-02,
FE,FirstEnergy,Utilities,Electric Utilities,"Akron, Ohio",1997-11-28,1031296.0,1997,2025-08-20,1996-01-02,
FFIV,"F5, Inc.",Information Technology,Communications Equipment,"Seattle, Washington",2010-12-20,1048695.0,1996,2025-08-20,2010-12-20,
FG,,,,,1996-01-02,,,,1996-01-02,1998-04-16
FHN,,,,,2002-05-06,,,,2002-05-06,2013-06-19
FI,Fiserv,Financials,Transaction & Payment Processing Services,"Brookfield, Wisconsin",2001-04-02,798354.0,1984,2025-08-20,2023-06-08,
FICO,Fair Isaac,Information Technology,Application Software,"Bozeman, Montana",2023-03-20,814547.0,1956,2025-08-20,2023-03-20,
FII,,,,,2003-04-16,,,,2003-04-16,2012-12-28
FIS,Fidelity National Information Services,Financials,Transaction & Payment Processing Services,"Jacksonville, Florida",2006-11-10,1136893.0,1968,2025-08-20,2006-11-10,
FISV,,,,,2001-04-02,,,,2001-04-02,2023-06-07
FITB,Fifth Third Bancorp,Financials,Regional Banks,"Cincinnati, Ohio",1996-03-29,35527.0,1858,2025-08-20,1996-03-08,
FJ,,,,,1996-01-02,,,,1996-01-02,2000-11-22
FL,,,,,1996-01-02,,,,1996-01-02,2019-08-08
FLIR,,,,,2009-01-02,,,,2009-01-02,2021-04-20
FLMIQ,,,,,1996-01-02,,,,1996-01-02,1997-12-19
FLR,,,,,2000-12-22,,,,2000-12-22,2019-06-01
FLS,,,,,2008-10-02,,,,2008-10-02,2021-02-12
FLT,,,,,2018-06-20,,,,2018-06-20,2024-03-25
FLTWQ,,,,,1996-01-02,,,,1996-01-02,2000-01-28
FMC,,,,,1996-01-02,,,,1996-01-02,2025-03-24
FMCC,,,,,1996-01-02,,,,1996-01-02,2008-09-08
FMY,,,,,1998-07-10,,,,1998-07-10,1999-05-19
FNMA,,,,,1996-01-02,,,,1996-01-02,2008-09-08
FOX,Fox Corporation (Class B),Communication Services,Broadcasting,"New York City, New York",2019-03-19,1754301.0,2019,2025-08-20,2023-05-17,
FOXA,Fox Corporation (Class A),Communication Services,Broadcasting,"New York City, New York",2019-03-19,1754301.0,2019,2025-08-20,2023-05-17,
FPC,,,,,1999-06-22,,,,1999-06-22,2000-11-29
FRC,,,,,2019-01-02,,,,2019-01-02,2023-03-20
FRO,,,,,1997-01-02,,,,1997-01-02,1999-09-21
FRT,Federal Realty Investment Trust,Real Estate,Retail REITs,"Rockville, Maryland",2016-02-01,34903.0,1962,2025-08-20,2016-02-01,
FRX,,,,,2000-11-22,,,,2000-11-22,2014-06-24
FSH,,,,,2004-08-03,,,,2004-08-03,2006-11-07
FSL,,,,,2004-12-03,,,,2004-12-03,2006-12-01
FSLR,First Solar,Information Technology,Semiconductors,"Tempe, Arizona",2022-12-19,1274494.0,1999,2025-08-20,2009-10-16,
FTI,,,,,2009-06-05,,,,2009-06-05,2021-01-21
FTL.A,,,,,1996-01-02,,,,1996-01-02,1999-09-30
FTNT,Fortinet,Information Technology,Systems Software,"Sunnyvale, California",2018-10-11,1262039.0,2000,2025-08-20,2018-10-11,
FTR,,,,,2001-02-27,,,,2001-02-27,2017-03-17
FTV,Fortive,Industrials,Industrial Machinery & Supplies & Components,"Everett, Washington",2016-07-01,1659166.0,2016,2025-08-20,2016-07-05,
FWLT,,,,,1996-01-02,,,,1996-01-02,2000-01-28
G,,,,,1996-01-02,,,,1996-01-02,2005-09-28
GAPTQ,,,,,1996-01-02,,,,1996-01-02,2000-08-25
GD,General Dynamics,Industrials,Aerospace & Defense,"Falls Church, Virginia",1957-03-04,40533.0,1899,2025-08-20,1996-01-02,
GDDY,GoDaddy,Information Technology,Internet Services & Infrastructure,"Tempe, Arizona",2024-06-24,1609711.0,1997,2025-08-20,2024-06-23,
GDT,,,,,1996-12-19,,,,1996-12-19,2006-04-21
GDW,,,,,1996-01-02,,,,1996-01-02,2006-09-28
GE,GE Aerospace,Industrials,Aerospace & Defense,"Evendale, Ohio",1957-03-04,40545.0,1892,2025-08-20,1996-01-02,
GEHC,GE HealthCare,Health Care,Health Care Equipment,"Chicago, Illinois",2023-01-04,1932393.0,1994,2025-08-20,2023-01-04,
GEN,Gen Digital,Information Technology,Systems Software,"Tempe, Arizona",2003-03-25,849399.0,1982,2025-08-20,2022-11-08,
GENZ,,,,,2001-12-14,,,,2001-12-14,2011-04-01
GEV,GE Vernova,Industrials,Heavy Electrical Equipment,"Cambridge, Massachusetts",2024-04-02,1996810.0,2024,2025-08-20,2024-04-03,
GFS.A,,,,,1996-01-02,,,,1996-01-02,1998-07-13
GGP,,,,,2007-07-02,,,,2007-07-02,2018-08-20
GHC,,,,,2007-12-31,,,,2007-12-31,2014-09-19
GIDL,,,,,1996-01-02,,,,1996-01-02,1997-07-09
GILD,Gilead Sciences,Health Care,Biotechnology,"Foster City, California",2004-07-01,882095.0,1987,2025-08-20,2004-07-01,
GIS,General Mills,Consumer Staples,Packaged Foods & Meats,"Golden Valley, Minnesota",1957-03-04,40704.0,1856,2025-08-20,1996-01-02,
GL,Globe Life,Financials,Life & Health Insurance,"McKinney, Texas",1989-04-30,320335.0,1900,2025-08-20,2019-08-08,
GLD,,,,,1996-01-02,,,,1996-01-02,1997-04-29
GLK,,,,,1996-01-02,,,,1996-01-02,2005-06-30
GLW,Corning Inc.,Information Technology,Electronic Components,"Corning, New York",1995-02-27,24741.0,1851,2025-08-20,1996-01-02,
GM,General Motors,Consumer Discretionary,Automobile Manufacturers,"Detroit, Michigan",2013-06-06,1467858.0,1908,2025-08-20,2013-06-07,
GMCR,,,,,2014-03-24,,,,2014-03-24,2016-02-26
GME,,,,,2007-12-14,,,,2007-12-14,2016-04-20
GNRC,Generac,Industrials,Electrical Components & Equipment,"Waukesha, Wisconsin",2021-03-22,1474735.0,1959,2025-08-20,2021-03-22,
GNT,,,,,1996-03-13,,,,1996-03-13,1998-06-30
GNW,,,,,2005-12-02,,,,2005-12-02,2015-11-17
GOOG,Alphabet Inc. (Class C),Communication Services,Interactive Media & Services,"Mountain View, California",2006-04-03,1652044.0,1998,2025-08-20,2014-04-03,
GOOGL,Alphabet Inc. (Class A),Communication Services,Interactive Media & Services,"Mountain View, California",2014-04-03,1652044.0,1998,2025-08-20,2006-04-03,
GP,,,,,1996-01-02,,,,1996-01-02,2005-12-16
GPC,Genuine Parts Company,Consumer Discretionary,Distributors,"Atlanta, Georgia",1973-12-31,40987.0,1925,2025-08-20,1996-01-02,
GPN,Global Payments,Financials,Transaction & Payment Processing Services,"Atlanta, Georgia",2016-04-25,1123360.0,2000,2025-08-20,2016-04-25,
GPS,,,,,1996-01-02,,,,1996-01-02,2022-01-20
GPU,,,,,1996-01-02,,,,1996-01-02,2001-11-05
GR,,,,,1996-01-02,,,,1996-01-02,2012-07-26
GRA,,,,,1996-01-02,,,,1996-01-02,2000-12-08
GRMN,Garmin,Consumer Discretionary,Consumer Electronics,"Schaffhausen, Switzerland",2012-12-12,1121788.0,1989,2025-08-20,2012-12-12,
GRN,,,,,1996-01-02,,,,1996-01-02,1998-12-14
GS,Goldman Sachs,Financials,Investment Banking & Brokerage,"New York City, New York",2002-07-22,886982.0,1869,2025-08-20,2002-07-22,
GSX,,,,,1996-01-02,,,,1996-01-02,1998-10-06
GT,,,,,1996-01-02,,,,1996-01-02,2019-02-15
GTE,,,,,1996-01-02,,,,1996-01-02,2000-06-29
GTW,,,,,1998-04-27,,,,1998-04-27,2006-07-31
GWF,,,,,1996-01-02,,,,1996-01-02,1997-06-26
GWW,W. W. Grainger,Industrials,Industrial Machinery & Supplies & Components,"Lake Forest, Illinois",1981-06-30,277135.0,1927,2025-08-20,1996-01-02,
GX,,,,,1999-09-29,,,,1999-09-29,2001-10-04
H,,,,,1996-01-02,,,,1996-01-02,2007-04-05
HAL,Halliburton,Energy,Oil & Gas Equipment & Services,"Houston, Texas",1957-03-04,45012.0,1919,2025-08-20,1996-01-02,
HAS,Hasbro,Consumer Discretionary,Leisure Products,"Pawtucket, Rhode Island",1984-09-30,46080.0,1923,2025-08-20,1996-01-02,
HBAN,Huntington Bancshares,Financials,Regional Banks,"Columbus, Ohio; Detroit, Michigan",1997-08-28,49196.0,1866,2025-08-20,1997-08-06,
HBI,,,,,2015-03-23,,,,2015-03-23,2021-12-14
HBOC,,,,,1997-10-23,,,,1997-10-23,1999-01-07
HCA,HCA Healthcare,Health Care,Health Care Facilities,"Nashville, Tennessee",2015-01-27,860730.0,1968,2025-08-20,1996-01-02,
HCBK,,,,,2007-02-15,,,,2007-02-15,2015-10-28
HCR,,,,,1998-09-28,,,,1998-09-28,2007-11-05
HD,Home Depot (The),Consumer Discretionary,Home Improvement Retail,"Atlanta, Georgia",1988-03-31,354950.0,1978,2025-08-20,1996-01-02,
HDLM,,,,,1996-01-02,,,,1996-01-02,1996-03-05
HES,,,,,1996-01-02,,,,1996-01-02,2025-07-21
HET,,,,,1996-01-02,,,,1996-01-02,2008-01-24
HFC,,,,,2018-06-18,,,,2018-06-18,2021-05-14
HFS,,,,,1996-08-16,,,,1996-08-16,1997-12-12
HI,,,,,1996-01-02,,,,1996-01-02,2003-03-28
HIG,Hartford (The),Financials,Property & Casualty Insurance,"Hartford, Connecticut",1957-03-04,874766.0,1810,2025-08-20,1996-01-02,
HII,Huntington Ingalls Industries,Industrials,Aerospace & Defense,"Newport News, Virginia",2018-01-03,1501585.0,2011,2025-08-20,2018-01-03,
HLT,Hilton Worldwide,Consumer Discretionary,"Hotels, Resorts & Cruise Lines","Tysons Corner, Virginia",2017-06-19,1585689.0,1919,2025-08-20,1996-01-02,
HM,,,,,1996-01-02,,,,1996-01-02,2001-12-14
HMA,,,,,2001-11-07,,,,2001-11-07,2007-02-26
HNZ,,,,,1996-01-02,,,,1996-01-02,2013-06-06
HOG,,,,,2000-01-31,,,,2000-01-31,2020-05-22
HOLX,Hologic,Health Care,Health Care Equipment,"Marlborough, Massachusetts",2016-03-30,859737.0,1985,2025-08-20,2016-03-30,
HON,Honeywell,Industrials,Industrial Conglomerates,"Charlotte, North Carolina",1957-03-04,773840.0,1906,2025-08-20,1996-01-02,
HP,,,,,1996-01-02,,,,1996-01-02,2020-05-12
HPC,,,,,1996-01-02,,,,1996-01-02,2008-11-13
HPE,Hewlett Packard Enterprise,Information Technology,"Technology Hardware, Storage & Peripherals","Houston, Texas",2015-11-02,1645590.0,2015,2025-08-20,2015-11-02,
HPH,,,,,1996-01-02,,,,1996-01-02,1999-06-08
HPQ,HP Inc.,Information Technology,"Technology Hardware, Storage & Peripherals","Palo Alto, California",1974-12-31,47217.0,1939 (2015),2025-08-20,1996-01-02,
HRB,,,,,1996-01-02,,,,1996-01-02,2020-09-18
HRL,Hormel Foods,Consumer Staples,Packaged Foods & Meats,"Austin, Minnesota",2009-03-04,48465.0,1891,2025-08-20,2009-03-04,
HRS,,,,,1996-01-02,,,,1996-01-02,2019-04-02
HSIC,Henry Schein,Health Care,Health Care Distributors,"Melville, New York",2015-03-17,1000228.0,1932,2025-08-20,2015-03-18,
HSP,,,,,2004-05-03,,,,2004-05-03,2015-09-01
HST,Host Hotels & Resorts,Real Estate,Hotel & Resort REITs,"Bethesda, Maryland",2007-03-20,1070750.0,1993,2025-08-20,2007-03-20,
HSY,Hershey Company (The),Consumer Staples,Packaged Foods & Meats,"Hershey, Pennsylvania",1957-03-04,47111.0,1894,2025-08-20,1996-01-02,
HUBB,Hubbell Incorporated,Industrials,Industrial Machinery & Supplies & Components,"Shelton, Connecticut",2023-10-18,48898.0,1888,2025-08-20,2023-10-18,
HUM,Humana,Health Care,Managed Health Care,"Louisville, Kentucky",2012-12-10,49071.0,1961,2025-08-20,1996-01-02,
HWM,Howmet Aerospace,Industrials,Aerospace & Defense,"Pittsburgh, Pennsylvania",2016-10-21,4281.0,1888,2025-08-20,2020-04-06,
I,,,,,1996-01-02,,,,1996-01-02,1996-03-29
IAC,,,,,2006-12-01,,,,2006-12-01,2008-08-18
IBM,IBM,Information Technology,IT Consulting & Other Services,"Armonk, New York",1957-03-04,51143.0,1911,2025-08-20,1996-01-02,
ICE,Intercontinental Exchange,Financials,Financial Exchanges & Data,"Atlanta, Georgia",2007-09-26,1571949.0,2000,2025-08-20,2007-09-26,
IDXX,Idexx Laboratories,Health Care,Health Care Equipment,"Westbrook, Maine",2017-01-05,874716.0,1983,2025-08-20,2017-01-05,
IEX,IDEX Corporation,Industrials,Industrial Machinery & Supplies & Components,"Lake Forest, Illinois",2019-08-09,832101.0,1988,2025-08-20,2019-08-09,
IFF,International Flavors & Fragrances,Materials,Specialty Chemicals,"New York City, New York",1976-03-31,51253.0,1958 (1889),2025-08-20,1996-01-02,
IGT,,,,,2001-09-04,,,,2001-09-04,2014-06-19
IKN,,,,,1996-01-02,,,,1996-01-02,2000-06-27
ILMN,,,,,2015-11-19,,,,2015-11-19,2024-06-22
IMNX,,,,,2001-09-21,,,,2001-09-21,2002-07-10
INCLF,,,,,1996-01-02,,,,1996-01-02,2002-07-18
INCY,Incyte,Health Care,Biotechnology,"Wilmington, Delaware",2017-02-28,879169.0,1991,2025-08-20,2017-02-28,
INFO,,,,,2017-06-02,,,,2017-06-02,2022-02-17
INGR,,,,,1996-01-02,,,,1996-01-02,1997-07-25
INTC,Intel,Information Technology,Semiconductors,"Santa Clara, California",1976-12-31,50863.0,1968,2025-08-20,1996-01-02,
INTU,Intuit,Information Technology,Application Software,"Mountain View, California",2000-12-05,896878.0,1983,2025-08-20,2000-12-11,
INVH,Invitation Homes,Real Estate,Single-Family Residential REITs,"Dallas, Texas",2022-09-19,1687229.0,2012,2025-08-20,2022-09-19,
IP,International Paper,Materials,Paper & Plastic Packaging Products & Materials,"Memphis, Tennessee",1957-03-04,51434.0,1898,2025-08-20,1996-01-02,
IPG,Interpublic Group of Companies (The),Communication Services,Advertising,"New York City, New York",1992-10-01,51644.0,1961 (1930),2025-08-20,1996-01-02,
IPGP,,,,,2018-03-07,,,,2018-03-07,2022-06-09
IQV,IQVIA,Health Care,Life Sciences Tools & Services,"Durham, North Carolina",2017-08-29,1478242.0,1982,2025-08-20,2017-08-29,
IR,Ingersoll Rand,Industrials,Industrial Machinery & Supplies & Components,"Davidson, North Carolina",2020-03-03,1699150.0,1859,2025-08-20,2023-05-17,
IRM,Iron Mountain,Real Estate,Other Specialized REITs,"Boston, Massachusetts",2009-01-06,1020569.0,1951,2025-08-20,2009-01-06,
ISRG,Intuitive Surgical,Health Care,Health Care Equipment,"Sunnyvale, California",2008-06-02,1035267.0,1995,2025-08-20,2008-06-02,
IT,Gartner,Information Technology,IT Consulting & Other Services,"Stamford, Connecticut",2017-04-05,749251.0,1979,2025-08-20,2017-04-05,
ITT,,,,,1996-01-02,,,,1996-01-02,2011-10-31
ITW,Illinois Tool Works,Industrials,Industrial Machinery & Supplies & Components,"Glenview, Illinois",1986-02-28,49826.0,1912,2025-08-20,1996-01-02,
IVZ,Invesco,Financials,Asset Management & Custody Banks,"Atlanta, Georgia",2008-08-21,914208.0,1935,2025-08-20,2008-08-21,
J,Jacobs Solutions,Industrials,Construction & Engineering,"Dallas, Texas",2007-10-26,52988.0,1947,2025-08-20,2019-12-10,
JBHT,J.B. Hunt,Industrials,Cargo Ground Transportation,"Lowell, Arkansas",2015-07-01,728535.0,1961,2025-08-20,2015-07-01,
JBL,Jabil,Information Technology,Electronic Manufacturing Services,"St. Petersburg, Florida",2023-12-18,898293.0,1966,2025-08-20,2001-01-30,
JCI,Johnson Controls,Industrials,Building Products,"Cork, Ireland",2010-08-27,833444.0,1885,2025-08-20,1996-01-02,
JCP,,,,,1996-01-02,,,,1996-01-02,2013-11-27
JEC,,,,,2007-10-26,,,,2007-10-26,2019-12-09
JEF,,,,,2007-08-27,,,,2007-08-27,2019-09-23
JH,,,,,1996-01-02,,,,1996-01-02,1998-03-30
JHF,,,,,2001-06-29,,,,2001-06-29,2004-04-28
JKHY,Jack Henry & Associates,Financials,Transaction & Payment Processing Services,"Monett, Missouri",2018-11-13,779152.0,1976,2025-08-20,2018-11-13,
JNJ,Johnson & Johnson,Health Care,Pharmaceuticals,"New Brunswick, New Jersey",1973-06-30,200406.0,1886,2025-08-20,1996-01-02,
JNPR,,,,,2006-06-02,,,,2006-06-02,2025-07-03
JNS,,,,,2000-07-13,,,,2000-07-13,2011-11-18
JNY,,,,,2001-12-17,,,,2001-12-17,2009-03-02
JOS,,,,,1996-01-02,,,,1996-01-02,2000-05-09
JOY,,,,,2011-02-28,,,,2011-02-28,2015-10-05
JP,,,,,1996-01-02,,,,1996-01-02,2006-03-30
JPM,JPMorgan Chase,Financials,Diversified Banks,"New York City, New York",1975-06-30,19617.0,2000 (1799 / 1871),2025-08-20,1996-01-02,
JWN,,,,,1996-01-02,,,,1996-01-02,2020-05-22
K,Kellanova,Consumer Staples,Packaged Foods & Meats,"Chicago, Illinois",1989-09-11,55067.0,1906,2025-08-20,1996-01-02,
KATE,,,,,1996-01-02,,,,1996-01-02,2008-11-28
KBH,,,,,1996-01-02,,,,1996-01-02,2009-12-17
KDP,Keurig Dr Pepper,Consumer Staples,Soft Drinks & Non-alcoholic Beverages,"Burlington, Massachusetts",2022-06-21,1418135.0,1981,2025-08-20,2008-10-07,
KEY,KeyCorp,Financials,Regional Banks,"Cleveland, Ohio",1994-03-01,91576.0,1825,2025-08-20,1996-01-02,
KEYS,Keysight Technologies,Information Technology,Electronic Equipment & Instruments,"Santa Rosa, California",2018-11-06,1601046.0,2014 (1939),2025-08-20,2018-11-06,
KHC,Kraft Heinz,Consumer Staples,Packaged Foods & Meats,"Chicago, Illinois; Pittsburgh, Pennsylvania",2015-07-06,1637459.0,2015 (1869),2025-08-20,2015-07-06,
KIM,Kimco Realty,Real Estate,Retail REITs,"Jericho, New York",2006-04-04,879101.0,1958,2025-08-20,2006-04-03,
KKR,KKR & Co.,Financials,Asset Management & Custody Banks,"New York City, New York",2024-06-24,1404912.0,1976,2025-08-20,2024-06-23,
KLAC,KLA Corporation,Information Technology,Semiconductor Materials & Equipment,"Milpitas, California",1997-09-30,319201.0,1975/1977 (1997),2025-08-20,1997-09-15,
KM,,,,,1996-01-02,,,,1996-01-02,2002-01-15
KMB,Kimberly-Clark,Consumer Staples,Household Products,"Irving, Texas",1957-03-04,55785.0,1872,2025-08-20,1996-01-02,
KMG,,,,,1996-01-02,,,,1996-01-02,2006-08-10
KMI,Kinder Morgan,Energy,Oil & Gas Storage & Transportation,"Houston, Texas",2012-05-25,1506307.0,1997,2025-08-20,2000-12-12,
KMX,CarMax,Consumer Discretionary,Automotive Retail,"Richmond, Virginia",2010-06-28,1170010.0,1993,2025-08-20,2010-06-28,
KO,Coca-Cola Company (The),Consumer Staples,Soft Drinks & Non-alcoholic Beverages,"Atlanta, Georgia",1957-03-04,21344.0,1886,2025-08-20,1996-01-02,
KORS,,,,,2013-11-13,,,,2013-11-13,2018-09-18
KR,Kroger,Consumer Staples,Food Retail,"Cincinnati, Ohio",1957-03-04,56873.0,1883,2025-08-20,1996-01-02,
KRB,,,,,1996-01-02,,,,1996-01-02,2005-12-29
KRFT,,,,,2012-10-02,,,,2012-10-02,2015-07-02
KRI,,,,,1996-01-02,,,,1996-01-02,2006-06-20
KSE,,,,,2000-08-21,,,,2000-08-21,2007-08-24
KSS,,,,,1998-08-14,,,,1998-08-14,2020-09-18
KSU,,,,,1999-04-05,,,,1999-04-05,2021-10-04
KVUE,Kenvue,Consumer Staples,Personal Care Products,"Skillman, New Jersey",2023-08-25,1944048.0,2022 (Johnson & Johnson spinoff),2025-08-20,2023-08-29,
KWP,,,,,1996-01-02,,,,1996-01-02,1999-11-15
L,Loews Corporation,Financials,Multi-line Insurance,"New York City, New York",1995-05-31,60086.0,1959,2025-08-20,1996-01-02,
LB,,,,,1996-01-02,,,,1996-01-02,2021-07-21
LDG,,,,,1996-01-02,,,,1996-01-02,2001-06-29
LDOS,Leidos,Industrials,Diversified Support Services,"Reston, Virginia",2019-08-09,1336920.0,1969,2025-08-20,2009-12-21,
LDW.B,,,,,1996-01-02,,,,1996-01-02,1999-12-07
LEG,,,,,1999-10-18,,,,1999-10-18,2021-12-14
LEHMQ,,,,,1998-01-12,,,,1998-01-12,2008-09-16
LEN,Lennar,Consumer Discretionary,Homebuilding,"Miami, Florida",2005-10-04,920760.0,1954,2025-08-20,2005-10-04,
LH,Labcorp,Health Care,Health Care Services,"Burlington, North Carolina",2004-11-01,920148.0,1978,2025-08-20,2004-11-01,
LHX,L3Harris,Industrials,Aerospace & Defense,"Melbourne, Florida",2008-09-22,202058.0,"2019 (L3 1997, Harris 1895)",2025-08-20,2019-06-01,
LII,Lennox International,Industrials,Building Products,"Richardson, Texas",2024-12-23,1069202.0,1895,2025-08-20,2024-12-24,
LIN,Linde plc,Materials,Industrial Gases,"Guildford, United Kingdom",1992-07-01,1707925.0,1879,2025-08-20,2018-11-06,
LKQ,LKQ Corporation,Consumer Discretionary,Distributors,"Chicago, Illinois",2016-05-23,1065696.0,1998,2025-08-20,2016-05-23,
LLTC,,,,,2000-04-03,,,,2000-04-03,2017-03-10
LLX,,,,,1996-01-02,,,,1996-01-02,1997-10-14
LLY,Lilly (Eli),Health Care,Pharmaceuticals,"Indianapolis, Indiana",1970-12-31,59478.0,1876,2025-08-20,1996-01-02,
LM,,,,,2006-04-24,,,,2006-04-24,2016-11-29
LMT,Lockheed Martin,Industrials,Aerospace & Defense,"Bethesda, Maryland",1957-03-04,936468.0,1995,2025-08-20,1996-01-02,
LNC,,,,,1996-01-02,,,,1996-01-02,2023-09-17
LNT,Alliant Energy,Utilities,Electric Utilities,"Madison, Wisconsin",2016-07-01,352541.0,1917,2025-08-20,2016-07-01,
LO,,,,,2008-06-11,,,,2008-06-11,2015-06-11
LOR,,,,,1996-01-02,,,,1996-01-02,1996-04-22
LOW,Lowe's,Consumer Discretionary,Home Improvement Retail,"Mooresville, North Carolina",1984-02-29,60667.0,1904/1946/1959,2025-08-20,1996-01-02,
LPX,,,,,1996-01-02,,,,1996-01-02,2006-11-07
LRCX,Lam Research,Information Technology,Semiconductor Materials & Equipment,"Fremont, California",2012-06-29,707549.0,1980,2025-08-20,2012-06-05,
LSI,,,,,1996-01-02,,,,1996-01-02,2014-05-06
LU,,,,,1996-10-01,,,,1996-10-01,2006-11-22
LUB,,,,,1996-01-02,,,,1996-01-02,1996-12-27
LULU,Lululemon Athletica,Consumer Discretionary,"Apparel, Accessories & Luxury Goods","Vancouver, Canada",2023-10-18,1397187.0,1998,2025-08-20,2023-10-18,
LUMN,,,,,2020-09-18,,,,2020-09-18,2023-03-15
LUV,Southwest Airlines,Industrials,Passenger Airlines,"Dallas, Texas",1994-07-01,92380.0,1967,2025-08-20,1996-01-02,
LVLT,,,,,2014-11-05,,,,2014-11-05,2017-10-10
LVS,Las Vegas Sands,Consumer Discretionary,Casinos & Gaming,"Las Vegas, Nevada",2019-10-03,1300514.0,1988,2025-08-20,2019-10-03,
LW,Lamb Weston,Consumer Staples,Packaged Foods & Meats,"Eagle, Idaho",2018-12-03,1679273.0,2016 (1950),2025-08-20,2018-12-03,
LXK,,,,,1999-08-13,,,,1999-08-13,2012-09-25
LYB,LyondellBasell,Materials,Specialty Chemicals,"Rotterdam, Netherlands",2012-09-05,1489393.0,2007,2025-08-20,2012-09-05,
LYV,Live Nation Entertainment,Communication Services,Movies & Entertainment,"Beverly Hills, California",2019-12-23,1335258.0,2010,2025-08-20,2019-12-23,
M,,,,,1996-01-02,,,,1996-01-02,2020-04-03
MA,Mastercard,Financials,Transaction & Payment Processing Services,"Harrison, New York",2008-07-18,1141391.0,1966,2025-08-20,2008-07-18,
MAA,Mid-America Apartment Communities,Real Estate,Multi-Family Residential REITs,"Memphis, Tennessee",2016-12-02,912595.0,1977,2025-08-20,2016-12-02,
MAC,,,,,2013-05-09,,,,2013-05-09,2019-12-10
MAR,Marriott International,Consumer Discretionary,"Hotels, Resorts & Cruise Lines","Bethesda, Maryland",1998-05-29,1048286.0,1927,2025-08-20,1998-05-21,
MAS,Masco,Industrials,Building Products,"Livonia, Michigan",1981-06-30,62996.0,1929,2025-08-20,1996-01-02,
MAT,,,,,1996-01-02,,,,1996-01-02,2019-06-03
MAY,,,,,1996-01-02,,,,1996-01-02,2005-08-22
MBI,,,,,1996-12-03,,,,1996-12-03,2009-12-17
MCD,McDonald's,Consumer Discretionary,Restaurants,"Chicago, Illinois",1970-06-30,63908.0,1940,2025-08-20,1996-01-02,
MCHP,Microchip Technology,Information Technology,Semiconductors,"Chandler, Arizona",2007-09-07,827054.0,1989,2025-08-20,2007-09-07,
MCIC,,,,,1996-01-02,,,,1996-01-02,1998-09-08
MCK,McKesson Corporation,Health Care,Health Care Distributors,"Irving, Texas",1999-01-13,927653.0,1833,2025-08-20,1999-01-13,
MCO,Moody's Corporation,Financials,Financial Exchanges & Data,"New York City, New York",1998-07-01,1059556.0,1909,2025-08-20,1996-01-02,
MD,,,,,1996-01-02,,,,1996-01-02,1997-07-29
MDLZ,Mondelez International,Consumer Staples,Packaged Foods & Meats,"Chicago, Illinois",2012-10-02,1103982.0,2012,2025-08-20,2007-04-02,
MDP,,,,,1996-01-02,,,,1996-01-02,2010-12-31
MDR,,,,,1996-01-02,,,,1996-01-02,2003-08-18
MDT,Medtronic,Health Care,Health Care Equipment,"Dublin, Ireland",1986-10-31,1613103.0,1949,2025-08-20,1996-01-02,
MEA,,,,,1996-01-02,,,,1996-01-02,2002-01-28
MEDI,,,,,2000-06-16,,,,2000-06-16,2007-05-31
MEE,,,,,1996-01-02,,,,1996-01-02,2011-05-23
MEL,,,,,1996-01-02,,,,1996-01-02,2007-06-26
MER,,,,,1996-01-02,,,,1996-01-02,2008-12-29
MERQ,,,,,2000-06-29,,,,2000-06-29,2006-01-03
MET,MetLife,Financials,Life & Health Insurance,"New York City, New York",2000-12-11,1099219.0,1868,2025-08-20,2000-12-11,
META,Meta Platforms,Communication Services,Interactive Media & Services,"Menlo Park, California",2013-12-23,1326801.0,2004,2025-08-20,2022-06-09,
MGM,MGM Resorts,Consumer Discretionary,Casinos & Gaming,"Paradise, Nevada",2017-07-26,789570.0,1986,2025-08-20,2017-07-26,
MHK,Mohawk Industries,Consumer Discretionary,Home Furnishings,"Calhoun, Georgia",2013-12-23,851968.0,1878,2025-08-20,2013-12-23,
MHS,,,,,2003-08-20,,,,2003-08-20,2012-03-22
MII,,,,,1996-01-02,,,,1996-01-02,1999-06-21
MIR,,,,,1997-08-07,,,,1997-08-07,2003-07-16
MJN,,,,,2009-12-21,,,,2009-12-21,2017-06-07
MKC,McCormick & Company,Consumer Staples,Packaged Foods & Meats,"Hunt Valley, Maryland",2003-03-20,63754.0,1889,2025-08-20,2003-03-21,
MKG,,,,,1996-01-02,,,,1996-01-02,2000-10-17
MKTX,MarketAxess,Financials,Financial Exchanges & Data,"New York City, New York",2019-07-01,1278021.0,2000,2025-08-20,2019-07-01,
MLM,Martin Marietta Materials,Materials,Construction Materials,"Raleigh, North Carolina",2014-07-02,916076.0,1993,2025-08-20,2014-07-02,
MMC,Marsh McLennan,Financials,Insurance Brokers,"New York City, New York",1987-08-31,62709.0,1905,2025-08-20,1996-01-02,
MMI,,,,,2011-01-04,,,,2011-01-04,2012-05-15
MMM,3M,Industrials,Industrial Conglomerates,"Saint Paul, Minnesota",1957-03-04,66740.0,1902,2025-08-20,1996-01-02,
MNR,,,,,1996-01-02,,,,1996-01-02,1998-09-24
MNST,Monster Beverage,Consumer Staples,Soft Drinks & Non-alcoholic Beverages,"Corona, California",2012-06-28,865752.0,2012 (1935),2025-08-20,2012-06-29,
MO,Altria,Consumer Staples,Tobacco,"Richmond, Virginia",1957-03-04,764180.0,1985,2025-08-20,1996-01-02,
MOB,,,,,1996-01-02,,,,1996-01-02,1999-11-30
MOH,Molina Healthcare,Health Care,Managed Health Care,"Long Beach, California",2022-03-02,1179929.0,1980,2025-08-20,2022-03-02,
MOLX,,,,,1999-12-01,,,,1999-12-01,2013-12-03
MOS,Mosaic Company (The),Materials,Fertilizers & Agricultural Chemicals,"Tampa, Florida",2011-09-26,1285785.0,2004 (1865 / 1909),2025-08-20,2011-09-26,
MPC,Marathon Petroleum,Energy,Oil & Gas Refining & Marketing,"Findlay, Ohio",2011-07-01,1510295.0,2009 (1887),2025-08-20,2011-07-01,
MPWR,Monolithic Power Systems,Information Technology,Semiconductors,"Kirkland, Washington",2021-02-12,1280452.0,1997,2025-08-20,2021-02-12,
MRK,Merck & Co.,Health Care,Pharmaceuticals,"Kenilworth, New Jersey",1957-03-04,310158.0,1891,2025-08-20,1996-01-02,
MRNA,Moderna,Health Care,Biotechnology,"Cambridge, Massachusetts",2021-07-21,1682852.0,2010,2025-08-20,2021-07-21,
MRO,,,,,1996-01-02,,,,1996-01-02,2024-11-22
MS,Morgan Stanley,Financials,Investment Banking & Brokerage,"New York City, New York",1993-07-29,895421.0,1935,2025-08-20,1996-01-02,
MSCI,MSCI Inc.,Financials,Financial Exchanges & Data,"New York City, New York",2018-04-04,1408198.0,1969,2025-08-20,2018-04-04,
MSFT,Microsoft,Information Technology,Systems Software,"Redmond, Washington",1994-06-01,789019.0,1975,2025-08-20,1996-01-02,
MSI,Motorola Solutions,Information Technology,Communications Equipment,"Chicago, Illinois",1957-03-04,68505.0,1928 (2011),2025-08-20,1996-01-02,
MST,,,,,1996-01-02,,,,1996-01-02,1998-08-13
MTB,M&T Bank,Financials,Regional Banks,"Buffalo, New York",2004-02-23,36270.0,1856,2025-08-20,2004-02-27,
MTCH,Match Group,Communication Services,Interactive Media & Services,"Dallas, Texas",2021-09-20,891103.0,1986,2025-08-20,2021-09-20,
MTD,Mettler Toledo,Health Care,Life Sciences Tools & Services,"Columbus, Ohio",2016-09-06,1037646.0,1945,2025-08-20,2016-09-06,
MTG,,,,,1996-07-19,,,,1996-07-19,2008-10-28
MTL,,,,,1998-02-23,,,,1998-02-23,1999-09-17
MTLQQ,,,,,1996-01-02,,,,1996-01-02,2009-05-29
MTW,,,,,2007-11-16,,,,2007-11-16,2009-08-31
MU,Micron Technology,Information Technology,Semiconductors,"Boise, Idaho",1994-09-27,723125.0,1978,2025-08-20,1996-01-02,
MUR,,,,,2005-08-15,,,,2005-08-15,2017-07-25
MWI,,,,,1996-01-02,,,,1996-01-02,1999-05-19
MWV,,,,,1996-01-02,,,,1996-01-02,2015-07-01
MWW,,,,,2001-06-04,,,,2001-06-04,2011-12-14
MXIM,,,,,2000-05-10,,,,2000-05-10,2021-08-03
MYG,,,,,1996-01-02,,,,1996-01-02,2006-03-30
MYL,,,,,2004-04-23,,,,2004-04-23,2020-10-12
MZIAQ,,,,,1996-01-02,,,,1996-01-02,2000-06-27
NAE,,,,,1996-01-02,,,,1996-01-02,1997-08-06
NAV,,,,,1996-01-02,,,,1996-01-02,2006-12-11
NAVI,,,,,2014-05-01,,,,2014-05-01,2018-06-01
NBL,,,,,2007-10-08,,,,2007-10-08,2020-10-07
NBR,,,,,2000-10-18,,,,2000-10-18,2015-03-19
NC,,,,,1996-01-02,,,,1996-01-02,2000-06-02
NCC,,,,,1996-01-02,,,,1996-01-02,2008-12-29
NCE,,,,,1998-11-03,,,,1998-11-03,2000-08-17
NCLH,Norwegian Cruise Line Holdings,Consumer Discretionary,"Hotels, Resorts & Cruise Lines","Miami, Florida",2017-10-13,1513761.0,2011 (1966),2025-08-20,2017-10-13,
NCR,,,,,2000-01-04,,,,2000-01-04,2007-09-28
NDAQ,"Nasdaq, Inc.",Financials,Financial Exchanges & Data,"New York City, New York",2008-10-22,1120193.0,1971,2025-08-20,2008-10-22,
NDSN,Nordson Corporation,Industrials,Industrial Machinery & Supplies & Components,"Westlake, Ohio",2022-02-15,72331.0,1935,2025-08-20,2022-02-15,
NEE,NextEra Energy,Utilities,Multi-Utilities,"Juno Beach, Florida",1976-06-30,753308.0,1984 (1925),2025-08-20,1996-01-02,
NEM,Newmont,Materials,Gold,"Denver, Colorado",1969-06-30,1164727.0,1921,2025-08-20,1996-01-02,
NFB,,,,,2002-07-17,,,,2002-07-17,2006-11-22
NFLX,Netflix,Communication Services,Movies & Entertainment,"Los Gatos, California",2010-12-20,1065280.0,1997,2025-08-20,2010-12-20,
NFX,,,,,2010-12-20,,,,2010-12-20,2019-01-18
NGH,,,,,1998-09-16,,,,1998-09-16,2000-12-11
NI,NiSource,Utilities,Multi-Utilities,"Merrillville, Indiana",2000-11-02,1111711.0,1912,2025-08-20,2000-11-02,
NKE,"Nike, Inc.",Consumer Discretionary,"Apparel, Accessories & Luxury Goods","Washington County, Oregon",1988-11-30,320187.0,1964,2025-08-20,1996-01-02,
NKTR,,,,,2018-03-19,,,,2018-03-19,2019-09-26
NLC,,,,,1996-01-02,,,,1996-01-02,1999-07-30
NLOK,,,,,2019-11-05,,,,2019-11-05,2022-11-01
NLSN,,,,,2013-07-09,,,,2013-07-09,2022-10-03
NLV,,,,,1996-04-01,,,,1996-04-01,2000-01-05
NMK,,,,,1996-01-02,,,,1996-01-02,2002-01-31
NOC,Northrop Grumman,Industrials,Aerospace & Defense,"West Falls Church, Virginia",1957-03-04,1133421.0,"1994 (Northrop 1939, Grumman 1930)",2025-08-20,1996-01-02,
NOV,,,,,2005-03-14,,,,2005-03-14,2021-08-30
NOVL,,,,,1996-01-02,,,,1996-01-02,2011-04-25
NOW,ServiceNow,Information Technology,Systems Software,"Santa Clara, California",2019-11-21,1373715.0,2003,2025-08-20,2019-11-21,
NRG,NRG Energy,Utilities,Independent Power Producers & Energy Traders,"Houston, Texas",2010-01-29,1013871.0,1992,2025-08-20,2010-01-29,
NRTLQ,,,,,1996-01-02,,,,1996-01-02,2002-07-18
NSC,Norfolk Southern,Industrials,Rail Transportation,"Atlanta, Georgia",1957-03-04,702165.0,1881/1894 (1980),2025-08-20,1996-01-02,
NSI,,,,,1996-01-02,,,,1996-01-02,2001-11-30
NTAP,NetApp,Information Technology,"Technology Hardware, Storage & Peripherals","San Jose, California",1999-06-25,1002047.0,1992,2025-08-20,1999-06-25,
NTRS,Northern Trust,Financials,Asset Management & Custody Banks,"Chicago, Illinois",1998-01-30,73124.0,1889,2025-08-20,1998-01-30,
NUE,Nucor,Materials,Steel,"Charlotte, North Carolina",1985-04-30,73309.0,1940,2025-08-20,1996-01-02,
NVDA,Nvidia,Information Technology,Semiconductors,"Santa Clara, California",2001-11-30,1045810.0,1993,2025-08-20,2001-11-30,
NVR,"NVR, Inc.",Consumer Discretionary,Homebuilding,"Reston, Virginia",2019-09-26,906163.0,1980,2025-08-20,2019-09-26,
NWL,,,,,1996-01-02,,,,1996-01-02,2023-09-17
NWS,News Corp (Class B),Communication Services,Publishing,"New York City, New York",2015-09-18,1564708.0,2013 (News Corporation 1980),2025-08-20,2015-09-21,
NWSA,News Corp (Class A),Communication Services,Publishing,"New York City, New York",2013-08-01,1564708.0,2013 (News Corporation 1980),2025-08-20,2013-07-01,
NXPI,NXP Semiconductors,Information Technology,Semiconductors,"Eindhoven, Netherlands",2021-03-22,1413447.0,1953,2025-08-20,2021-03-22,
NXTL,,,,,1998-04-01,,,,1998-04-01,2005-08-12
NYN,,,,,1996-01-02,,,,1996-01-02,1997-08-14
NYT,,,,,1996-01-02,,,,1996-01-02,2010-12-17
NYX,,,,,2007-10-25,,,,2007-10-25,2013-11-07
O,Realty Income,Real Estate,Retail REITs,"San Diego, California",2015-04-07,726728.0,1969,2025-08-20,2015-04-07,
OAT,,,,,1996-01-02,,,,1996-01-02,2001-07-31
ODFL,Old Dominion,Industrials,Cargo Ground Transportation,"Thomasville, North Carolina",2019-12-09,878927.0,1934,2025-08-20,2019-12-09,
ODP,,,,,1999-06-24,,,,1999-06-24,2010-12-17
OGN,,,,,2021-06-04,,,,2021-06-04,2023-10-17
OI,,,,,1997-08-04,,,,1997-08-04,2016-11-29
OK,,,,,1999-12-02,,,,1999-12-02,2001-03-30
OKE,Oneok,Energy,Oil & Gas Storage & Transportation,"Tulsa, Oklahoma",2010-03-15,1039684.0,1906,2025-08-20,1996-01-02,
OM,,,,,1996-01-02,,,,1996-01-02,1996-09-30
OMC,Omnicom Group,Communication Services,Advertising,"New York City, New York",1997-12-31,29989.0,1986,2025-08-20,1997-12-24,
OMX,,,,,1996-01-02,,,,1996-01-02,2008-06-18
ON,ON Semiconductor,Information Technology,Semiconductors,"Phoenix, Arizona",2022-06-21,1097864.0,1999,2025-08-20,2022-06-21,
ONE,,,,,1996-01-02,,,,1996-01-02,2004-06-28
ORCL,Oracle Corporation,Information Technology,Application Software,"Austin, Texas",1989-08-31,1341439.0,1977,2025-08-20,1996-01-02,
ORLY,O’Reilly Automotive,Consumer Discretionary,Automotive Retail,"Springfield, Missouri",2009-03-27,898173.0,1957,2025-08-20,2009-03-27,
ORX,,,,,1996-01-02,,,,1996-01-02,1999-02-26
OTIS,Otis Worldwide,Industrials,Industrial Machinery & Supplies & Components,"Farmington, Connecticut",2020-04-03,1781335.0,"2020 (1853, United Technologies spinoff)",2025-08-20,2020-04-03,
OWENQ,,,,,1996-01-02,,,,1996-01-02,2000-09-27
OXY,Occidental Petroleum,Energy,Oil & Gas Exploration & Production,"Houston, Texas",1957-03-04,797468.0,1920,2025-08-20,1996-01-02,
PAC,,,,,1996-01-02,,,,1996-01-02,1997-03-19
PALM,,,,,2000-07-28,,,,2000-07-28,2002-08-09
PANW,Palo Alto Networks,Information Technology,Systems Software,"Santa Clara, California",2023-06-20,1327567.0,2005,2025-08-20,2023-06-03,
PARA,,,,,2022-02-17,,,,2022-02-17,2025-08-08
PAS,,,,,1996-01-02,,,,1996-01-02,1998-01-29
PAYC,Paycom,Industrials,Human Resource & Employment Services,"Oklahoma City, Oklahoma",2020-01-28,1590955.0,1998,2025-08-20,2020-01-28,
PAYX,Paychex,Industrials,Human Resource & Employment Services,"Penfield, New York",1998-10-01,723531.0,1971,2025-08-20,1998-10-01,
PBCT,,,,,2008-11-13,,,,2008-11-13,2022-03-02
PBG,,,,,2001-05-14,,,,2001-05-14,2010-02-26
PBI,,,,,1996-01-02,,,,1996-01-02,2017-02-28
PBY,,,,,1996-01-02,,,,1996-01-02,2000-03-29
PCAR,Paccar,Industrials,Construction Machinery & Heavy Transportation Equipment,"Bellevue, Washington",1980-12-31,75362.0,1905,2025-08-20,1996-01-02,
PCG,PG&E Corporation,Utilities,Multi-Utilities,"Oakland, California",2022-10-03,1004980.0,1905,2025-08-20,1996-01-02,
PCH,,,,,1996-01-02,,,,1996-01-02,2001-07-03
PCS,,,,,1998-11-24,,,,1998-11-24,2004-04-19
PD,,,,,1996-01-02,,,,1996-01-02,2007-03-16
PDCO,,,,,2005-10-11,,,,2005-10-11,2018-03-16
PDG,,,,,1996-01-02,,,,1996-01-02,2002-07-18
PEAK,,,,,2019-11-05,,,,2019-11-05,2024-03-03
PEG,Public Service Enterprise Group,Utilities,Electric Utilities,"Newark, New Jersey",1957-03-04,788784.0,1903,2025-08-20,1996-01-02,
PEL,,,,,1996-01-02,,,,1996-01-02,1997-06-18
PENN,,,,,2021-03-22,,,,2021-03-22,2022-06-28
PEP,PepsiCo,Consumer Staples,Soft Drinks & Non-alcoholic Beverages,"Purchase, New York",1957-03-04,77476.0,1898,2025-08-20,1996-01-02,
PET,,,,,1996-01-02,,,,1996-01-02,1998-06-26
PETM,,,,,2012-10-05,,,,2012-10-05,2015-03-11
PFE,Pfizer,Health Care,Pharmaceuticals,"New York City, New York",1957-03-04,78003.0,1849,2025-08-20,1996-01-02,
PFG,Principal Financial Group,Financials,Life & Health Insurance,"Des Moines, Iowa",2002-07-22,1126328.0,1879,2025-08-20,2002-07-22,
PG,Procter & Gamble,Consumer Staples,Personal Care Products,"Cincinnati, Ohio",1957-03-04,80424.0,1837,2025-08-20,1996-01-02,
PGL,,,,,1996-01-02,,,,1996-01-02,2007-02-16
PGR,Progressive Corporation,Financials,Property & Casualty Insurance,"Mayfield Village, Ohio",1997-08-04,80661.0,1937,2025-08-20,1997-08-04,
PH,Parker Hannifin,Industrials,Industrial Machinery & Supplies & Components,"Cleveland, Ohio",1985-11-30,76334.0,1917,2025-08-20,1996-01-02,
PHA,,,,,1996-01-02,,,,1996-01-02,2003-04-07
PHB,,,,,1996-01-02,,,,1996-01-02,1999-10-01
PHM,PulteGroup,Consumer Discretionary,Homebuilding,"Atlanta, Georgia",1984-04-30,822416.0,1956,2025-08-20,1996-01-02,
PKG,Packaging Corporation of America,Materials,Paper & Plastic Packaging Products & Materials,"Lake Forest, Illinois",2017-07-26,75677.0,1959,2025-08-20,2017-07-26,
PKI,,,,,1996-01-02,,,,1996-01-02,2023-05-17
PLD,Prologis,Real Estate,Industrial REITs,"San Francisco, California",2003-07-17,1045609.0,1983,2025-08-20,2003-07-17,
PLTR,Palantir Technologies,Information Technology,Application Software,"Denver, Colorado",2024-09-23,1321655.0,2003,2025-08-20,2024-09-22,
PM,Philip Morris International,Consumer Staples,Tobacco,"New York City, New York",2008-03-31,1413329.0,2008 (1847),2025-08-20,2008-03-31,
PMCS,,,,,2001-08-03,,,,2001-08-03,2007-06-26
PMI,,,,,1996-01-02,,,,1996-01-02,1996-05-30
PNC,PNC Financial Services,Financials,Diversified Banks,"Pittsburgh, Pennsylvania",1988-04-30,713676.0,1845,2025-08-20,1996-01-02,
PNR,Pentair,Industrials,Industrial Machinery & Supplies & Components,"Worsley, United Kingdom",2012-10-01,77360.0,1966,2025-08-20,2012-10-01,
PNU,,,,,1996-01-02,,,,1996-01-02,2000-03-29
PNW,Pinnacle West Capital,Utilities,Multi-Utilities,"Phoenix, Arizona",1999-10-04,764622.0,1985,2025-08-20,1999-10-04,
PODD,Insulet Corporation,Health Care,Health Care Equipment,"Acton, Massachusetts",2023-03-15,1145197.0,2000,2025-08-20,2023-03-15,
POOL,Pool Corporation,Consumer Discretionary,Distributors,"Covington, Louisiana",2020-10-07,945841.0,1993,2025-08-20,2020-10-07,
PPG,PPG Industries,Materials,Specialty Chemicals,"Pittsburgh, Pennsylvania",1957-03-04,79879.0,1883,2025-08-20,1996-01-02,
PPL,PPL Corporation,Utilities,Electric Utilities,"Allentown, Pennsylvania",2001-10-01,922224.0,1920,2025-08-20,1996-01-02,
PPW,,,,,1996-01-02,,,,1996-01-02,1999-11-29
PRD,,,,,1996-01-02,,,,1996-01-02,2000-12-11
PRGO,,,,,2011-12-19,,,,2011-12-19,2021-08-30
PRU,Prudential Financial,Financials,Life & Health Insurance,"Newark, New Jersey",2002-07-22,1137774.0,1875,2025-08-20,2002-07-22,
PSA,Public Storage,Real Estate,Self-Storage REITs,"Glendale, California",2005-08-19,1393311.0,1972,2025-08-20,2005-08-19,
PSFT,,,,,1998-10-02,,,,1998-10-02,2004-12-27
PSKY,Paramount Skydance Corporation,Communication Services,Movies & Entertainment,"Los Angeles, California",1994-09-30,2041610.0,2025 (Paramount Pictures 1912),2025-08-20,2025-08-12,
PSX,Phillips 66,Energy,Oil & Gas Refining & Marketing,"Houston, Texas",2012-05-01,1534701.0,2012 (1917),2025-08-20,2012-05-01,
PTC,PTC Inc.,Information Technology,Application Software,"Boston, Massachusetts",2021-04-20,857005.0,1985,2025-08-20,1997-04-03,
PVH,,,,,2013-02-14,,,,2013-02-14,2022-06-28
PVN,,,,,1996-01-02,,,,1996-01-02,2005-09-28
PVT,,,,,1998-08-31,,,,1998-08-31,1999-06-30
PWER,,,,,2000-10-23,,,,2000-10-23,2005-03-09
PWJ,,,,,1999-06-04,,,,1999-06-04,2000-11-03
PWR,Quanta Services,Industrials,Construction & Engineering,"Houston, Texas",2009-07-01,1050915.0,1997,2025-08-20,2009-07-01,
PXD,,,,,2008-09-24,,,,2008-09-24,2024-05-03
PYPL,PayPal,Financials,Transaction & Payment Processing Services,"San Jose, California",2015-07-20,1633917.0,1998,2025-08-20,2015-07-20,
PZE,,,,,1996-01-02,,,,1996-01-02,1998-12-24
QCOM,Qualcomm,Information Technology,Semiconductors,"San Diego, California",1999-07-22,804328.0,1985,2025-08-20,1999-07-22,
QEP,,,,,2010-07-01,,,,2010-07-01,2015-06-30
QLGC,,,,,2000-12-12,,,,2000-12-12,2011-01-12
QRVO,,,,,2015-06-12,,,,2015-06-12,2024-12-25
QTRN,,,,,1999-11-16,,,,1999-11-16,2003-09-16
R,,,,,1996-01-02,,,,1996-01-02,2017-06-16
RAD,,,,,1996-01-02,,,,1996-01-02,2000-07-19
RAI,,,,,2002-09-04,,,,2002-09-04,2017-07-20
RAL,,,,,1996-01-02,,,,1996-01-02,2001-12-06
RATL,,,,,2002-02-01,,,,2002-02-01,2003-02-18
RBD,,,,,1996-01-02,,,,1996-01-02,1999-03-24
RBK,,,,,1996-01-02,,,,1996-01-02,2006-01-30
RCL,Royal Caribbean Group,Consumer Discretionary,"Hotels, Resorts & Cruise Lines","Miami, Florida",2014-12-05,884887.0,1997,2025-08-20,2014-12-05,
RDC,,,,,1996-01-02,,,,1996-01-02,2014-08-13
RDS.A,,,,,1996-01-02,,,,1996-01-02,2002-07-18
RE,,,,,2017-06-19,,,,2017-06-19,2023-07-10
REG,Regency Centers,Real Estate,Retail REITs,"Jacksonville, Florida",2017-03-02,910606.0,1963,2025-08-20,2017-03-02,
REGN,Regeneron Pharmaceuticals,Health Care,Biotechnology,"Tarrytown, New York",2013-05-01,872589.0,1988,2025-08-20,2013-05-01,
RF,Regions Financial Corporation,Financials,Regional Banks,"Birmingham, Alabama",1998-08-28,1281761.0,1971,2025-08-20,1998-08-28,
RHI,,,,,2000-12-05,,,,2000-12-05,2024-06-22
RHT,,,,,2009-07-27,,,,2009-07-27,2019-07-01
RJF,Raymond James Financial,Financials,Investment Banking & Brokerage,"St. Petersburg, Florida",2017-03-20,720005.0,1962,2025-08-20,2017-03-20,
RL,Ralph Lauren Corporation,Consumer Discretionary,"Apparel, Accessories & Luxury Goods","New York City, New York",2007-02-02,1037038.0,1967,2025-08-20,2007-02-02,
RLM,,,,,1996-01-02,,,,1996-01-02,2000-04-27
RMD,ResMed,Health Care,Health Care Equipment,"San Diego, California",2017-07-26,943819.0,1989,2025-08-20,2017-07-26,
RML,,,,,1996-01-02,,,,1996-01-02,2000-12-11
RNB,,,,,1996-01-02,,,,1996-01-02,1999-12-31
ROH,,,,,1996-01-02,,,,1996-01-02,2009-04-01
ROK,Rockwell Automation,Industrials,Electrical Components & Equipment,"Milwaukee, Wisconsin",2000-03-12,1024478.0,1903,2025-08-20,1996-01-02,
ROL,"Rollins, Inc.",Industrials,Environmental & Facilities Services,"Atlanta, Georgia",2018-10-01,84839.0,1948,2025-08-20,2018-10-01,
ROP,Roper Technologies,Information Technology,Electronic Equipment & Instruments,"Sarasota, Florida",2009-12-23,882835.0,1981,2025-08-20,2009-12-23,
ROST,Ross Stores,Consumer Discretionary,Apparel Retail,"Dublin, California",2009-12-21,745732.0,1982,2025-08-20,2009-12-21,
RRC,,,,,2007-12-21,,,,2007-12-21,2018-06-15
RRD,,,,,1996-01-02,,,,1996-01-02,2012-12-07
RSG,Republic Services,Industrials,Environmental & Facilities Services,"Phoenix, Arizona",2008-12-05,1060391.0,1998 (1981),2025-08-20,2008-12-05,
RTN,,,,,1996-01-02,,,,1996-01-02,2020-04-03
RTX,RTX Corporation,Industrials,Aerospace & Defense,"Waltham, Massachusetts",1957-03-04,101829.0,1922,2025-08-20,2020-04-03,
RVTY,Revvity,Health Care,Health Care Equipment,"Waltham, Massachusetts",1985-05-31,31791.0,1937,2025-08-20,2023-05-18,
RVTY (Previously PKI),,,,,2023-12-31,,,,2023-12-31,2023-12-31
RX,,,,,1996-11-04,,,,1996-11-04,2010-02-23
RYAN,,,,,1996-01-02,,,,1996-01-02,1996-12-27
RYC,,,,,1996-01-02,,,,1996-01-02,1999-08-11
RYI,,,,,1996-01-02,,,,1996-01-02,1998-06-30
SAF,,,,,1996-01-02,,,,1996-01-02,2008-09-22
SAI,,,,,1997-07-17,,,,1997-07-17,1998-12-31
SANM,,,,,2000-06-21,,,,2000-06-21,2007-06-26
SAPE,,,,,2000-05-05,,,,2000-05-05,2002-05-10
SB,,,,,1996-01-02,,,,1996-01-02,1997-11-21
SBAC,SBA Communications,Real Estate,Telecom Tower REITs,"Boca Raton, Florida",2017-09-01,1034054.0,1989,2025-08-20,2017-09-01,
SBL,,,,,2000-12-11,,,,2000-12-11,2007-01-05
SBNY,,,,,2021-12-20,,,,2021-12-20,2023-01-04
SBUX,Starbucks,Consumer Discretionary,Restaurants,"Seattle, Washington",2000-06-07,829224.0,1971,2025-08-20,2000-06-08,
SCG,,,,,2009-01-02,,,,2009-01-02,2018-12-24
SCHW,Charles Schwab Corporation,Financials,Investment Banking & Brokerage,"Westlake, Texas",1997-06-02,316709.0,1971,2025-08-20,1997-06-02,
SCI,,,,,1996-01-02,,,,1996-01-02,2000-03-15
SDS,,,,,2002-07-22,,,,2002-07-22,2005-08-11
SEBL,,,,,2000-05-05,,,,2000-05-05,2006-01-30
SEDG,,,,,2021-12-20,,,,2021-12-20,2023-12-16
SEE,,,,,1998-04-01,,,,1998-04-01,2023-12-16
SEG,,,,,1996-08-16,,,,1996-08-16,2000-11-20
SFA,,,,,1996-01-02,,,,1996-01-02,2006-02-17
SFS,,,,,1996-01-02,,,,1996-01-02,1997-07-25
SGID,,,,,1996-01-02,,,,1996-01-02,2000-06-20
SGP,,,,,1996-01-02,,,,1996-01-02,2009-10-29
SHN,,,,,1996-01-02,,,,1996-01-02,1996-12-27
SHW,Sherwin-Williams,Materials,Specialty Chemicals,"Cleveland, Ohio",1964-06-30,89800.0,1866,2025-08-20,1996-01-02,
SIAL,,,,,1996-01-02,,,,1996-01-02,2015-11-17
SIVB,,,,,2018-03-19,,,,2018-03-19,2023-01-04
SJM,J.M. Smucker Company (The),Consumer Staples,Packaged Foods & Meats,"Orrville, Ohio",2008-11-06,91419.0,1897,2025-08-20,2008-11-06,
SK,,,,,1996-01-02,,,,1996-01-02,1998-03-30
SLB,Schlumberger,Energy,Oil & Gas Equipment & Services,"Houston, Texas",1957-03-04,87347.0,1926,2025-08-20,1996-01-02,
SLG,,,,,2015-03-23,,,,2015-03-23,2021-02-12
SLM,,,,,1998-07-01,,,,1998-07-01,2014-04-22
SLR,,,,,1998-12-31,,,,1998-12-31,2007-10-01
SMCI,Supermicro,Information Technology,"Technology Hardware, Storage & Peripherals","San Jose, California",2024-03-18,1375365.0,1993,2025-08-20,2024-03-18,
SMI,,,,,1996-01-02,,,,1996-01-02,2000-12-11
SMS,,,,,1996-01-02,,,,1996-01-02,2000-06-07
SNA,Snap-on,Industrials,Industrial Machinery & Supplies & Components,"Kenosha, Wisconsin",1982-09-30,91440.0,1920,2025-08-20,1996-01-02,
SNDK,,,,,2006-04-20,,,,2006-04-20,2016-05-11
SNI,,,,,2008-07-01,,,,2008-07-01,2018-02-28
SNPS,Synopsys,Information Technology,Application Software,"Sunnyvale, California",2017-03-16,883241.0,1986,2025-08-20,2017-03-16,
SNT,,,,,1996-01-02,,,,1996-01-02,1999-10-25
SNV,,,,,1997-12-01,,,,1997-12-01,2007-12-31
SO,Southern Company,Utilities,Electric Utilities,"Atlanta, Georgia",1957-03-04,92122.0,1945,2025-08-20,1996-01-02,
SOLV,Solventum,Health Care,Health Care Technology,"Saint Paul, Minnesota",2024-04-01,1964738.0,2023,2025-08-20,2024-04-02,
SOTR,,,,,1999-03-01,,,,1999-03-01,2004-10-28
SOV,,,,,2004-07-01,,,,2004-07-01,2009-01-28
SPG,Simon Property Group,Real Estate,Retail REITs,"Indianapolis, Indiana",2002-06-26,1063761.0,2003,2025-08-20,2002-06-26,
SPGI,S&P Global,Financials,Financial Exchanges & Data,"New York City, New York",1957-03-04,64040.0,1917,2025-08-20,1996-01-02,
SPLS,,,,,1998-10-07,,,,1998-10-07,2017-09-12
SRCL,,,,,2008-11-19,,,,2008-11-19,2018-11-29
SRE,Sempra,Utilities,Multi-Utilities,"San Diego, California",2017-03-17,1032208.0,1998,2025-08-20,1998-06-29,
SRR,,,,,1996-01-02,,,,1996-01-02,1997-10-06
SSP,,,,,2005-12-20,,,,2005-12-20,2008-06-30
STE,Steris,Health Care,Health Care Equipment,"Dublin, Ireland",2019-12-23,1757898.0,1985,2025-08-20,2019-12-23,
STI,,,,,1996-01-02,,,,1996-01-02,2019-12-05
STJ,,,,,1996-01-02,,,,1996-01-02,2017-01-03
STLD,Steel Dynamics,Materials,Steel,"Fort Wayne, Indiana",2022-12-22,1022671.0,1993,2025-08-20,2022-12-22,
STO,,,,,1996-01-02,,,,1996-01-02,1998-11-17
STT,State Street Corporation,Financials,Asset Management & Custody Banks,"Boston, Massachusetts",2003-03-14,93751.0,1792,2025-08-20,1997-08-18,
STX,Seagate Technology,Information Technology,"Technology Hardware, Storage & Peripherals","Dublin, Ireland",2012-07-02,1137789.0,1979,2025-08-20,2012-07-02,
STZ,Constellation Brands,Consumer Staples,Distillers & Vintners,"Rochester, New York",2005-07-01,16918.0,1945,2025-08-20,2005-07-05,
SUB,,,,,1998-01-28,,,,1998-01-28,2001-02-27
SVU,,,,,1996-01-02,,,,1996-01-02,2012-04-30
SW,Smurfit Westrock,Materials,Paper & Plastic Packaging Products & Materials,"Dublin, Ireland",2024-07-08,2005951.0,1934,2025-08-20,2024-07-12,
SWK,Stanley Black & Decker,Industrials,Industrial Machinery & Supplies & Components,"New Britain, Connecticut",1982-09-30,93556.0,1843,2025-08-20,1996-01-02,
SWKS,Skyworks Solutions,Information Technology,Semiconductors,"Irvine, California",2015-03-12,4127.0,2002,2025-08-20,2015-03-12,
SWN,,,,,2008-06-06,,,,2008-06-06,2017-03-30
SWY,,,,,1998-11-13,,,,1998-11-13,2015-01-15
SXCL,,,,,1999-10-01,,,,1999-10-01,2001-05-10
SYF,Synchrony Financial,Financials,Consumer Finance,"Stamford, Connecticut",2015-11-18,1601712.0,2003,2025-08-20,2015-11-18,
SYK,Stryker Corporation,Health Care,Health Care Equipment,"Kalamazoo, Michigan",2000-12-12,310764.0,1941,2025-08-20,2000-12-12,
SYMC,,,,,2003-03-31,,,,2003-03-31,2019-10-18
SYY,Sysco,Consumer Staples,Food Distributors,"Houston, Texas",1986-12-31,96021.0,1969,2025-08-20,1996-01-02,
T,AT&T,Communication Services,Integrated Telecommunication Services,"Dallas, Texas",1983-11-30,732717.0,1983 (1885),2025-08-20,1996-01-02,
TA,,,,,1996-01-02,,,,1996-01-02,1999-07-20
TAP,Molson Coors Beverage Company,Consumer Staples,Brewers,"Chicago, Illinois",1976-06-30,24545.0,"2005 (Molson 1786, Coors 1873)",2025-08-20,1996-01-02,
TCOMA,,,,,1996-01-02,,,,1996-01-02,1999-03-08
TDC,,,,,2007-10-01,,,,2007-10-01,2017-06-16
TDG,TransDigm Group,Industrials,Aerospace & Defense,"Cleveland, Ohio",2016-06-03,1260221.0,1993,2025-08-20,2016-06-03,
TDM,,,,,1996-01-02,,,,1996-01-02,1997-08-26
TDY,Teledyne Technologies,Information Technology,Electronic Equipment & Instruments,"Thousand Oaks, California",2020-06-22,1094285.0,1960,2025-08-20,2020-06-22,
TE,,,,,2001-10-10,,,,2001-10-10,2016-06-27
TECH,Bio-Techne,Health Care,Life Sciences Tools & Services,"Minneapolis, Minnesota",2021-08-30,842023.0,1976,2025-08-20,2021-08-30,
TEK,,,,,1996-01-02,,,,1996-01-02,2007-11-13
TEL,TE Connectivity,Information Technology,Electronic Manufacturing Services,"Galway, Ireland",2011-10-17,1385157.0,2007,2025-08-20,2007-07-02,
TEN,,,,,1996-01-02,,,,1996-01-02,1999-10-29
TER,Teradyne,Information Technology,Semiconductor Materials & Equipment,"North Reading, Massachusetts",2020-09-21,97210.0,1960,2025-08-20,1999-11-15,
TEX,,,,,2006-12-20,,,,2006-12-20,2008-11-05
TFC,Truist Financial,Financials,Diversified Banks,"Charlotte, North Carolina",1997-12-04,92230.0,1872,2025-08-20,2019-12-09,
TFX,,,,,2019-01-18,,,,2019-01-18,2025-03-24
TGNA,,,,,1996-01-02,,,,1996-01-02,2017-05-23
TGT,Target Corporation,Consumer Staples,Consumer Staples Merchandise Retail,"Minneapolis, Minnesota",1976-12-31,27419.0,1902,2025-08-20,1996-01-02,
THC,,,,,1996-01-02,,,,1996-01-02,2016-04-15
THY,,,,,1996-01-02,,,,1996-01-02,1996-10-08
TIE,,,,,2007-10-29,,,,2007-10-29,2012-12-21
TIF,,,,,2000-06-21,,,,2000-06-21,2020-12-21
TIN,,,,,1996-01-02,,,,1996-01-02,2007-12-27
TJX,TJX Companies,Consumer Discretionary,Apparel Retail,"Framingham, Massachusetts",1985-09-30,109198.0,1987,2025-08-20,1996-01-02,
TKO,TKO Group Holdings,Communication Services,Movies & Entertainment,"New York City, New York",2025-03-24,1973266.0,2023,2025-08-20,2025-03-25,
TKR,,,,,1996-01-02,,,,1996-01-02,2001-08-06
TLAB,,,,,1996-01-02,,,,1996-01-02,2011-12-20
TMC,,,,,1996-01-02,,,,1996-01-02,2000-06-09
TMC.A,,,,,1996-01-02,,,,1996-01-02,2000-06-09
TMK,,,,,1996-01-02,,,,1996-01-02,2019-07-15
TMO,Thermo Fisher Scientific,Health Care,Life Sciences Tools & Services,"Waltham, Massachusetts",2004-08-03,97745.0,2006 (1902),2025-08-20,1997-01-02,
TMUS,T-Mobile US,Communication Services,Wireless Telecommunication Services,"Bellevue, Washington",2019-07-15,1283699.0,1994,2025-08-20,2009-06-30,
TNB,,,,,1996-01-02,,,,1996-01-02,2004-07-29
TOS,,,,,1999-09-20,,,,1999-09-20,2001-09-10
TOY,,,,,1996-01-02,,,,1996-01-02,2005-07-21
TPL,Texas Pacific Land Corporation,Energy,Oil & Gas Exploration & Production,"Dallas, Texas",2024-11-26,1811074.0,1888,2025-08-20,2024-11-26,
TPR,"Tapestry, Inc.",Consumer Discretionary,"Apparel, Accessories & Luxury Goods","New York City, New York",2004-09-01,1116132.0,2017,2025-08-20,2004-09-01,
TRB,,,,,1996-01-02,,,,1996-01-02,2007-12-17
TRGP,Targa Resources,Energy,Oil & Gas Storage & Transportation,"Houston, Texas",2022-10-12,1389170.0,2005,2025-08-20,2022-10-12,
TRIP,,,,,2011-12-21,,,,2011-12-21,2019-12-10
TRMB,Trimble Inc.,Information Technology,Electronic Equipment & Instruments,"Westminster, Colorado",2021-01-21,864749.0,1978,2025-08-20,2021-01-21,
TROW,T. Rowe Price,Financials,Asset Management & Custody Banks,"Baltimore, Maryland",2019-07-29,1113169.0,1937,2025-08-20,1999-10-13,
TRV,Travelers Companies (The),Financials,Property & Casualty Insurance,"New York City, New York",2002-08-21,86312.0,1853,2025-08-20,1996-01-02,
TRW,,,,,1996-01-02,,,,1996-01-02,2002-12-09
TSCO,Tractor Supply,Consumer Discretionary,Other Specialty Retail,"Brentwood, Tennessee",2014-01-24,916365.0,1938,2025-08-20,2014-01-24,
TSG,,,,,2000-03-16,,,,2000-03-16,2007-03-30
TSLA,"Tesla, Inc.",Consumer Discretionary,Automobile Manufacturers,"Austin, Texas",2020-12-21,1318605.0,2003,2025-08-20,2020-12-21,
TSN,Tyson Foods,Consumer Staples,Packaged Foods & Meats,"Springdale, Arkansas",2005-08-10,100493.0,1935,2025-08-20,2005-08-11,
TSS,,,,,2008-01-02,,,,2008-01-02,2019-08-09
TT,Trane Technologies,Industrials,Building Products,"Dublin, Ireland",2010-11-17,1466258.0,1871,2025-08-20,2002-05-13,
TTD,Trade Desk (The),Communication Services,Advertising,"Ventura, California",2025-07-18,1671933.0,2009,2025-08-20,2025-07-18,
TTWO,Take-Two Interactive,Communication Services,Interactive Home Entertainment,"New York City, New York",2018-03-19,946581.0,1993,2025-08-20,2018-03-19,
TUP,,,,,1996-05-31,,,,1996-05-31,2004-03-17
TWC,,,,,2009-03-30,,,,2009-03-30,2016-05-17
TWTR,,,,,2018-06-07,,,,2018-06-07,2022-10-12
TWX,,,,,1996-01-02,,,,1996-01-02,2018-06-14
TX,,,,,1996-01-02,,,,1996-01-02,2001-10-04
TXN,Texas Instruments,Information Technology,Semiconductors,"Dallas, Texas",2001-03-12,97476.0,1930,2025-08-20,1996-01-02,
TXT,Textron,Industrials,Aerospace & Defense,"Providence, Rhode Island",1978-12-31,217346.0,1923,2025-08-20,1996-01-02,
TXU,,,,,1996-01-02,,,,1996-01-02,2007-10-09
TYL,Tyler Technologies,Information Technology,Application Software,"Plano, Texas",2020-06-22,860731.0,1966,2025-08-20,2020-06-22,
UA,,,,,2016-04-08,,,,2016-04-08,2022-06-21
UAA,,,,,2014-05-01,,,,2014-05-01,2022-06-21
UAL,United Airlines Holdings,Industrials,Passenger Airlines,"Chicago, Illinois",2015-09-03,100517.0,1967,2025-08-20,2015-09-03,
UAWGQ,,,,,1996-01-02,,,,1996-01-02,2002-05-14
UBER,Uber,Industrials,Passenger Ground Transportation,"San Francisco, California",2023-12-18,1543151.0,2009,2025-08-20,2023-12-17,
UCC,,,,,1996-01-02,,,,1996-01-02,1999-04-28
UCL,,,,,1996-01-02,,,,1996-01-02,2005-08-10
UCM,,,,,1996-01-02,,,,1996-01-02,2000-10-19
UDR,"UDR, Inc.",Real Estate,Multi-Family Residential REITs,"Highlands Ranch, Colorado",2016-03-07,74208.0,1972,2025-08-20,2016-03-07,
UHS,Universal Health Services,Health Care,Health Care Facilities,"King of Prussia, Pennsylvania",2014-09-20,352915.0,1979,2025-08-20,2014-09-22,
UIS,,,,,1996-01-02,,,,1996-01-02,2008-11-07
UK,,,,,1996-01-02,,,,1996-01-02,2001-01-31
ULTA,Ulta Beauty,Consumer Discretionary,Other Specialty Retail,"Bolingbrook, Illinois",2016-04-18,1403568.0,1990,2025-08-20,2016-04-18,
UMG,,,,,1996-01-02,,,,1996-01-02,2000-06-13
UN,,,,,1996-01-02,,,,1996-01-02,2002-07-18
UNH,UnitedHealth Group,Health Care,Managed Health Care,"Minnetonka, Minnesota",1994-07-01,731766.0,1977,2025-08-20,1996-01-02,
UNM,,,,,1996-01-02,,,,1996-01-02,2021-08-30
UNP,Union Pacific Corporation,Industrials,Rail Transportation,"Omaha, Nebraska",1957-03-04,100885.0,1862,2025-08-20,1996-01-02,
UPC,,,,,1998-10-01,,,,1998-10-01,2004-06-28
UPR,,,,,1996-10-16,,,,1996-10-16,2000-07-14
UPS,United Parcel Service,Industrials,Air Freight & Logistics,"Sandy Springs, Georgia",2002-07-22,1090727.0,1907,2025-08-20,2002-07-22,
URI,United Rentals,Industrials,Trading Companies & Distributors,"Stamford, Connecticut",2014-09-20,1067701.0,1997,2025-08-20,2014-09-22,
USB,U.S. Bancorp,Financials,Diversified Banks,"Minneapolis, Minnesota",1999-11-01,36104.0,1968,2025-08-20,1996-01-02,
USBC,,,,,1996-01-02,,,,1996-01-02,1997-08-01
USH,,,,,1996-01-02,,,,1996-01-02,1997-06-16
USHC,,,,,1996-01-02,,,,1996-01-02,1996-07-18
USS,,,,,1996-01-02,,,,1996-01-02,1998-10-01
UST,,,,,1996-01-02,,,,1996-01-02,2009-01-05
USW,,,,,1996-01-02,,,,1996-01-02,2000-06-29
UTX,,,,,1996-01-02,,,,1996-01-02,2020-03-03
UVN,,,,,2001-02-07,,,,2001-02-07,2007-03-28
V,Visa Inc.,Financials,Transaction & Payment Processing Services,"San Francisco, California",2009-12-21,1403161.0,1958,2025-08-20,2009-12-21,
VAR,,,,,2007-02-12,,,,2007-02-12,2021-03-22
VAT,,,,,1996-01-02,,,,1996-01-02,1996-08-28
VFC,,,,,1996-01-02,,,,1996-01-02,2024-04-03
VIAB,,,,,2006-01-03,,,,2006-01-03,2019-11-21
VIAC,,,,,2019-12-05,,,,2019-12-05,2022-02-15
VIAV,,,,,2000-07-27,,,,2000-07-27,2013-12-18
VICI,Vici Properties,Real Estate,Hotel & Resort REITs,"New York City, New York",2022-06-08,1705696.0,2017,2025-08-20,2022-06-08,
VLO,Valero Energy,Energy,Oil & Gas Refining & Marketing,"San Antonio, Texas",2002-12-20,1035002.0,1980,2025-08-20,2004-04-29,
VLTO,Veralto,Industrials,Environmental & Facilities Services,"Waltham, Massachusetts",2023-10-02,1967680.0,2023,2025-08-20,2023-10-06,
VMC,Vulcan Materials Company,Materials,Construction Materials,"Birmingham, Alabama",1999-06-30,1396009.0,1909,2025-08-20,1999-07-01,
VNO,,,,,2005-08-12,,,,2005-08-12,2022-12-22
VNT,,,,,2020-10-12,,,,2020-10-12,2021-02-12
VO,,,,,1996-01-02,,,,1996-01-02,2000-12-08
VRSK,Verisk Analytics,Industrials,Research & Consulting Services,"Jersey City, New Jersey",2015-10-08,1442145.0,1971,2025-08-20,2015-10-08,
VRSN,Verisign,Information Technology,Internet Services & Infrastructure,"Dulles, Virginia",2006-02-01,1014473.0,1995,2025-08-20,2006-02-01,
VRTS,,,,,2000-04-03,,,,2000-04-03,2005-06-30
VRTX,Vertex Pharmaceuticals,Health Care,Biotechnology,"Boston, Massachusetts",2013-09-23,875320.0,1989,2025-08-20,2013-09-23,
VST,Vistra Corp.,Utilities,Electric Utilities,"Irving, Texas",2024-05-08,1692819.0,2016,2025-08-20,2024-05-08,
VSTNQ,,,,,2000-06-29,,,,2000-06-29,2005-12-29
VTR,Ventas,Real Estate,Health Care REITs,"Chicago, Illinois",2009-03-04,740260.0,1998,2025-08-20,2009-03-04,
VTRS,Viatris,Health Care,Pharmaceuticals,"Pittsburgh, Pennsylvania",2004-04-23,1792044.0,1961,2025-08-20,2020-11-17,
VTSS,,,,,2000-12-12,,,,2000-12-12,2002-08-19
VZ,Verizon,Communication Services,Integrated Telecommunication Services,"New York City, New York",1983-11-30,732712.0,1983 (1877),2025-08-20,1996-01-02,
WAB,Wabtec,Industrials,Construction Machinery & Heavy Transportation Equipment,"Pittsburgh, Pennsylvania",2019-02-27,943452.0,1999 (1869),2025-08-20,2019-02-27,
WAI,,,,,1996-01-02,,,,1996-01-02,1998-08-06
WAMUQ,,,,,1997-07-02,,,,1997-07-02,2008-09-26
WAT,Waters Corporation,Health Care,Life Sciences Tools & Services,"Milford, Massachusetts",2002-01-02,1000697.0,1958,2025-08-20,2002-01-02,
WB,,,,,1996-01-02,,,,1996-01-02,2008-12-29
WBA,Walgreens Boots Alliance,Consumer Staples,Drug Retail,"Deerfield, Illinois",1979-12-31,1618921.0,2014,2025-08-20,1996-01-02,
WBD,Warner Bros. Discovery,Communication Services,Broadcasting,"New York City, New York",2022-04-11,1437107.0,2022 (Warner Bros. 1923),2025-08-20,2022-04-11,
WCG,,,,,2018-09-17,,,,2018-09-17,2019-12-23
WCOEQ,,,,,1996-04-01,,,,1996-04-01,2002-05-14
WDAY,"Workday, Inc.",Information Technology,Application Software,"Pleasanton, California",2024-12-23,1327811.0,2005,2025-08-20,2024-12-26,
WDC,Western Digital,Information Technology,"Technology Hardware, Storage & Peripherals","San Jose, California",2009-07-01,106040.0,1970,2025-08-20,2009-07-01,
WEC,WEC Energy Group,Utilities,Electric Utilities,"Milwaukee, Wisconsin",2008-10-31,783325.0,1896,2025-08-20,2008-10-31,
WELL,Welltower,Real Estate,Health Care REITs,"Toledo, Ohio",2009-01-30,766704.0,1970,2025-08-20,2009-01-30,
WEN,,,,,1996-01-02,,,,1996-01-02,2008-09-26
WFC,Wells Fargo,Financials,Diversified Banks,"San Francisco, California",1976-06-30,72971.0,1852,2025-08-20,1996-01-02,
WFM,,,,,2006-01-03,,,,2006-01-03,2017-08-17
WFT,,,,,2005-07-22,,,,2005-07-22,2009-02-25
WHR,,,,,1996-01-02,,,,1996-01-02,2024-03-17
WIN,,,,,2006-07-18,,,,2006-07-18,2015-03-31
WLA,,,,,1996-01-02,,,,1996-01-02,2000-06-19
WLL,,,,,1996-01-02,,,,1996-01-02,2002-02-07
WLP,,,,,1999-06-09,,,,1999-06-09,2004-11-26
WLTW,,,,,2016-01-05,,,,2016-01-05,2021-12-20
WM,Waste Management,Industrials,Environmental & Facilities Services,"Houston, Texas",1998-08-31,823768.0,1968,2025-08-20,1998-07-17,
WMB,Williams Companies,Energy,Oil & Gas Storage & Transportation,"Tulsa, Oklahoma",1975-03-31,107263.0,1908,2025-08-20,1996-01-02,
WMT,Walmart,Consumer Staples,Consumer Staples Merchandise Retail,"Bentonville, Arkansas",1982-08-31,104169.0,1962,2025-08-20,1996-01-02,
WMX,,,,,1996-01-02,,,,1996-01-02,1998-07-16
WNDXQ,,,,,1996-01-02,,,,1996-01-02,2004-12-02
WOR,,,,,1996-01-02,,,,1996-01-02,2004-12-16
WPX,,,,,2012-01-03,,,,2012-01-03,2014-03-12
WRB,W. R. Berkley Corporation,Financials,Property & Casualty Insurance,"Greenwich, Connecticut",2019-12-05,11544.0,1967,2025-08-20,2019-12-05,
WRK,,,,,2015-07-02,,,,2015-07-02,2024-07-08
WSM,"Williams-Sonoma, Inc.",Consumer Discretionary,Homefurnishing Retail,"San Francisco, California",2025-03-24,719955.0,1956,2025-08-20,2025-03-25,
WST,West Pharmaceutical Services,Health Care,Health Care Supplies,"Exton, Pennsylvania",2020-05-22,105770.0,1923,2025-08-20,2020-05-22,
WTW,Willis Towers Watson,Financials,Insurance Brokers,"London, United Kingdom",2016-01-05,1140536.0,2016,2025-08-20,2022-01-20,
WU,,,,,2006-10-02,,,,2006-10-02,2021-12-14
WWY,,,,,1996-01-02,,,,1996-01-02,2008-10-06
WY,Weyerhaeuser,Real Estate,Timber REITs,"Seattle, Washington",1979-10-01,106535.0,1900,2025-08-20,1996-01-02,
WYE,,,,,1996-01-02,,,,1996-01-02,2009-10-15
WYNN,Wynn Resorts,Consumer Discretionary,Casinos & Gaming,"Paradise, Nevada",2008-11-14,1174922.0,2002,2025-08-20,2008-11-14,
X,,,,,1996-01-02,,,,1996-01-02,2014-07-01
XEC,,,,,2014-06-20,,,,2014-06-20,2020-01-28
XEL,Xcel Energy,Utilities,Multi-Utilities,"Minneapolis, Minnesota",1957-03-04,72903.0,1909,2025-08-20,1996-01-02,
XLNX,,,,,1999-11-08,,,,1999-11-08,2022-02-02
XOM,ExxonMobil,Energy,Integrated Oil & Gas,"Irving, Texas",1957-03-04,34088.0,1999,2025-08-20,1996-01-02,
XRAY,,,,,2008-11-14,,,,2008-11-14,2024-04-03
XRX,,,,,1996-01-02,,,,1996-01-02,2021-02-12
XTO,,,,,2004-12-29,,,,2004-12-29,2010-06-21
XYL,Xylem Inc.,Industrials,Industrial Machinery & Supplies & Components,"White Plains, New York",2011-11-01,1524472.0,2011,2025-08-20,2011-11-01,
XYZ,"Block, Inc.",Financials,Transaction & Payment Processing Services,none,2025-07-23,1512673.0,2009,2025-08-20,2025-07-24,
YNR,,,,,2000-01-06,,,,2000-01-06,2000-10-02
YRCW,,,,,1996-01-02,,,,1996-01-02,1996-10-28
YUM,Yum! Brands,Consumer Discretionary,Restaurants,"Louisville, Kentucky",1997-10-06,1041061.0,1997,2025-08-20,1997-10-07,
ZBH,Zimmer Biomet,Health Care,Health Care Equipment,"Warsaw, Indiana",2001-08-07,1136869.0,1927,2025-08-20,2001-08-07,
ZBRA,Zebra Technologies,Information Technology,Electronic Equipment & Instruments,"Lincolnshire, Illinois",2019-12-23,877212.0,1969,2025-08-20,2019-12-23,
ZION,,,,,2001-06-25,,,,2001-06-25,2024-03-17
ZTS,Zoetis,Health Care,Pharmaceuticals,"Parsippany, New Jersey",2013-06-21,1555280.0,1952,2025-08-20,2013-06-24,
